"LeaveEventID","EmployeeID","LeaveType","LeaveStartDate","LeaveEndDate","LeaveDays","PaidFlag"
"LV107759_1",107759,"Jury Duty",2020-05-07,2020-05-13,7,"Yes"
"LV102916_1",102916,"Sick Leave",2023-03-22,2023-03-26,5,"Yes"
"LV106707_1",106707,"Sick Leave",2025-06-11,2025-06-12,2,"Yes"
"LV103096_1",103096,"Sick Leave",2023-07-07,2023-07-11,5,"Yes"
"LV107711_1",107711,"Vacation",2024-10-06,2024-10-12,7,"Yes"
"LV108431_1",108431,"Vacation",2025-05-04,2025-05-09,6,"Yes"
"LV100025_1",100025,"Vacation",2026-01-28,2026-01-29,2,"Yes"
"LV109577_1",109577,"Vacation",2016-02-25,2016-03-01,6,"Yes"
"LV107004_1",107004,"Medical Leave",2021-04-03,2021-05-05,33,"No"
"LV106556_1",106556,"Bereavement",2025-09-14,2025-09-16,3,"Yes"
"LV106260_1",106260,"Vacation",2022-09-24,2022-09-28,5,"Yes"
"LV100186_1",100186,"Sick Leave",2025-01-13,2025-01-16,4,"Yes"
"LV108386_1",108386,"Vacation",2023-01-18,2023-01-26,9,"Yes"
"LV107439_1",107439,"Bereavement",2024-12-01,2024-12-05,5,"Yes"
"LV107439_2",107439,"Medical Leave",2025-07-26,2025-08-10,16,"No"
"LV106702_1",106702,"Vacation",2025-05-11,2025-05-12,2,"Yes"
"LV107673_1",107673,"Parental Leave",2016-01-09,2016-03-05,57,"No"
"LV108841_1",108841,"Jury Duty",2023-05-08,2023-05-15,8,"Yes"
"LV109935_1",109935,"Sick Leave",2015-04-03,2015-04-07,5,"Yes"
"LV104596_1",104596,"Parental Leave",2022-10-22,2022-11-22,32,"No"
"LV109710_1",109710,"Vacation",2019-07-17,2019-07-18,2,"Yes"
"LV101132_1",101132,"Medical Leave",2019-05-12,2019-06-12,32,"Yes"
"LV107091_1",107091,"Bereavement",2024-07-16,2024-07-19,4,"Yes"
"LV100369_1",100369,"Vacation",2025-03-05,2025-03-06,2,"Yes"
"LV106044_1",106044,"Sick Leave",2026-01-29,2026-02-01,4,"Yes"
"LV106283_1",106283,"Sick Leave",2021-05-22,2021-05-26,5,"Yes"
"LV103393_1",103393,"Sick Leave",2024-10-17,2024-10-21,5,"Yes"
"LV105695_1",105695,"Vacation",2023-09-07,2023-09-11,5,"Yes"
"LV105695_2",105695,"Vacation",2025-11-04,2025-11-10,7,"Yes"
"LV108760_1",108760,"Parental Leave",2025-03-31,2025-04-22,23,"Yes"
"LV108255_1",108255,"Vacation",2023-08-24,2023-08-28,5,"Yes"
"LV106029_1",106029,"Bereavement",2025-09-26,2025-09-29,4,"Yes"
"LV102788_1",102788,"Jury Duty",2026-01-14,2026-01-18,5,"Yes"
"LV109887_1",109887,"Medical Leave",2025-12-01,2026-01-02,33,"No"
"LV100597_1",100597,"Medical Leave",2025-10-22,2025-11-17,27,"Yes"
"LV101842_1",101842,"Sick Leave",2025-10-15,2025-10-19,5,"Yes"
"LV107600_1",107600,"Sick Leave",2024-07-21,2024-07-22,2,"Yes"
"LV105650_1",105650,"Sick Leave",2024-07-17,2024-07-20,4,"Yes"
"LV105650_2",105650,"Sick Leave",2025-10-08,2025-10-08,1,"Yes"
"LV106436_1",106436,"Bereavement",2021-11-30,2021-12-02,3,"Yes"
"LV103761_1",103761,"Sick Leave",2025-09-24,2025-09-28,5,"Yes"
"LV105280_1",105280,"Sick Leave",2014-08-21,2014-08-22,2,"Yes"
"LV106071_1",106071,"Sick Leave",2018-05-26,2018-05-27,2,"Yes"
"LV103446_1",103446,"Medical Leave",2021-11-08,2021-11-25,18,"No"
"LV101074_1",101074,"Vacation",2019-12-01,2019-12-03,3,"Yes"
"LV103434_1",103434,"Medical Leave",2020-09-12,2020-10-20,39,"Yes"
"LV109878_1",109878,"Parental Leave",2025-12-23,2026-01-12,21,"Yes"
"LV103904_1",103904,"Vacation",2025-09-20,2025-09-23,4,"Yes"
"LV107247_1",107247,"Jury Duty",2023-01-29,2023-02-01,4,"Yes"
"LV103159_1",103159,"Medical Leave",2023-01-04,2023-01-30,27,"No"
"LV106822_1",106822,"Vacation",2025-10-25,2025-10-30,6,"Yes"
"LV102349_1",102349,"Sick Leave",2024-03-20,2024-03-21,2,"Yes"
"LV106273_1",106273,"Vacation",2024-06-05,2024-06-09,5,"Yes"
"LV101008_1",101008,"Vacation",2025-09-26,2025-10-05,10,"Yes"
"LV102814_1",102814,"Vacation",2015-01-15,2015-01-19,5,"Yes"
"LV101339_1",101339,"Sick Leave",2019-05-16,2019-05-18,3,"Yes"
"LV109804_1",109804,"Sick Leave",2017-05-01,2017-05-05,5,"Yes"
"LV109804_2",109804,"Vacation",2025-11-19,2025-11-23,5,"Yes"
"LV106220_1",106220,"Bereavement",2021-09-09,2021-09-10,2,"Yes"
"LV109881_1",109881,"Parental Leave",2021-02-19,2021-03-30,40,"No"
"LV103182_1",103182,"Vacation",2023-10-11,2023-10-15,5,"Yes"
"LV102206_1",102206,"Bereavement",2025-07-06,2025-07-09,4,"Yes"
"LV107235_1",107235,"Vacation",2025-12-21,2025-12-30,10,"Yes"
"LV109416_1",109416,"Medical Leave",2023-08-09,2023-08-31,23,"Yes"
"LV107991_1",107991,"Vacation",2024-09-23,2024-09-25,3,"Yes"
"LV107991_2",107991,"Sick Leave",2024-11-28,2024-11-28,1,"Yes"
"LV104526_1",104526,"Medical Leave",2019-02-19,2019-03-30,40,"Yes"
"LV101688_1",101688,"Sick Leave",2022-07-16,2022-07-17,2,"Yes"
"LV107391_1",107391,"Medical Leave",2022-05-26,2022-06-28,34,"No"
"LV107391_2",107391,"Jury Duty",2024-03-22,2024-03-22,1,"Yes"
"LV105739_1",105739,"Vacation",2025-05-07,2025-05-10,4,"Yes"
"LV105131_1",105131,"Sick Leave",2022-05-15,2022-05-18,4,"Yes"
"LV100010_1",100010,"Sick Leave",2022-08-19,2022-08-21,3,"Yes"
"LV101828_1",101828,"Medical Leave",2024-04-24,2024-05-15,22,"Yes"
"LV101718_1",101718,"Medical Leave",2026-01-08,2026-01-23,16,"No"
"LV109715_1",109715,"Parental Leave",2025-08-07,2025-09-04,29,"Yes"
"LV109715_2",109715,"Vacation",2025-08-13,2025-08-17,5,"Yes"
"LV106920_1",106920,"Medical Leave",2020-06-27,2020-07-30,34,"Yes"
"LV101543_1",101543,"Vacation",2022-10-03,2022-10-09,7,"Yes"
"LV104555_1",104555,"Vacation",2023-11-25,2023-12-02,8,"Yes"
"LV109960_1",109960,"Bereavement",2024-11-01,2024-11-02,2,"Yes"
"LV107512_1",107512,"Sick Leave",2024-08-10,2024-08-13,4,"Yes"
"LV107512_2",107512,"Vacation",2025-04-16,2025-04-18,3,"Yes"
"LV107574_1",107574,"Vacation",2024-12-23,2024-12-26,4,"Yes"
"LV107574_2",107574,"Medical Leave",2025-10-12,2025-11-01,21,"No"
"LV104806_1",104806,"Sick Leave",2024-11-18,2024-11-19,2,"Yes"
"LV104806_2",104806,"Bereavement",2025-01-26,2025-01-27,2,"Yes"
"LV100397_1",100397,"Sick Leave",2025-06-14,2025-06-18,5,"Yes"
"LV101397_1",101397,"Medical Leave",2021-02-02,2021-03-03,30,"Yes"
"LV100414_1",100414,"Medical Leave",2014-01-19,2014-02-02,15,"Yes"
"LV106090_1",106090,"Vacation",2018-09-15,2018-09-22,8,"Yes"
"LV102813_1",102813,"Sick Leave",2020-01-24,2020-01-27,4,"Yes"
"LV103061_1",103061,"Sick Leave",2017-12-29,2018-01-01,4,"Yes"
"LV101584_1",101584,"Sick Leave",2020-02-22,2020-02-26,5,"Yes"
"LV102585_1",102585,"Medical Leave",2020-03-13,2020-03-25,13,"Yes"
"LV101467_1",101467,"Sick Leave",2024-02-10,2024-02-14,5,"Yes"
"LV108701_1",108701,"Sick Leave",2022-08-01,2022-08-01,1,"Yes"
"LV100622_1",100622,"Sick Leave",2017-02-25,2017-02-25,1,"Yes"
"LV100622_2",100622,"Sick Leave",2021-11-10,2021-11-12,3,"Yes"
"LV104579_1",104579,"Sick Leave",2020-07-07,2020-07-08,2,"Yes"
"LV104579_2",104579,"Vacation",2021-02-02,2021-02-08,7,"Yes"
"LV105276_1",105276,"Vacation",2017-11-11,2017-11-18,8,"Yes"
"LV103194_1",103194,"Sick Leave",2022-05-27,2022-05-31,5,"Yes"
"LV104092_1",104092,"Sick Leave",2025-07-08,2025-07-08,1,"Yes"
"LV100945_1",100945,"Medical Leave",2021-02-19,2021-03-18,28,"Yes"
"LV103406_1",103406,"Parental Leave",2019-03-23,2019-05-10,49,"No"
"LV103406_2",103406,"Vacation",2020-04-10,2020-04-18,9,"Yes"
"LV109595_1",109595,"Sick Leave",2017-03-30,2017-04-02,4,"Yes"
"LV108861_1",108861,"Sick Leave",2024-02-14,2024-02-14,1,"Yes"
"LV107384_1",107384,"Sick Leave",2023-06-24,2023-06-28,5,"Yes"
"LV109998_1",109998,"Parental Leave",2021-04-17,2021-06-15,60,"No"
"LV109042_1",109042,"Parental Leave",2022-03-13,2022-04-06,25,"Yes"
"LV106900_1",106900,"Sick Leave",2022-07-02,2022-07-04,3,"Yes"
"LV105496_1",105496,"Sick Leave",2020-05-02,2020-05-03,2,"Yes"
"LV105870_1",105870,"Vacation",2018-12-25,2018-12-30,6,"Yes"
"LV108471_1",108471,"Vacation",2023-07-14,2023-07-22,9,"Yes"
"LV100969_1",100969,"Vacation",2020-04-05,2020-04-06,2,"Yes"
"LV107233_1",107233,"Parental Leave",2024-07-08,2024-08-02,26,"Yes"
"LV109930_1",109930,"Vacation",2022-10-16,2022-10-25,10,"Yes"
"LV104962_1",104962,"Vacation",2025-06-08,2025-06-11,4,"Yes"
"LV107895_1",107895,"Sick Leave",2022-05-04,2022-05-04,1,"Yes"
"LV102224_1",102224,"Sick Leave",2025-07-07,2025-07-10,4,"Yes"
"LV106070_1",106070,"Parental Leave",2020-02-10,2020-03-04,24,"Yes"
"LV104162_1",104162,"Vacation",2023-09-17,2023-09-21,5,"Yes"
"LV109259_1",109259,"Sick Leave",2024-10-24,2024-10-25,2,"Yes"
"LV105851_1",105851,"Vacation",2023-01-16,2023-01-19,4,"Yes"
"LV108205_1",108205,"Vacation",2022-02-02,2022-02-09,8,"Yes"
"LV107692_1",107692,"Sick Leave",2023-02-28,2023-03-03,4,"Yes"
"LV107692_2",107692,"Vacation",2024-08-09,2024-08-11,3,"Yes"
"LV106389_1",106389,"Vacation",2022-08-30,2022-09-02,4,"Yes"
"LV104187_1",104187,"Vacation",2026-01-17,2026-01-25,9,"Yes"
"LV104364_1",104364,"Bereavement",2022-10-19,2022-10-23,5,"Yes"
"LV108292_1",108292,"Medical Leave",2025-01-05,2025-01-11,7,"No"
"LV107466_1",107466,"Sick Leave",2023-07-29,2023-08-01,4,"Yes"
"LV101117_1",101117,"Sick Leave",2023-03-06,2023-03-06,1,"Yes"
"LV101117_2",101117,"Vacation",2023-07-02,2023-07-07,6,"Yes"
"LV106717_1",106717,"Vacation",2023-11-22,2023-11-24,3,"Yes"
"LV104116_1",104116,"Vacation",2025-06-29,2025-07-05,7,"Yes"
"LV108916_1",108916,"Vacation",2025-05-07,2025-05-11,5,"Yes"
"LV102782_1",102782,"Sick Leave",2024-10-24,2024-10-28,5,"Yes"
"LV104210_1",104210,"Medical Leave",2025-03-29,2025-04-23,26,"No"
"LV107718_1",107718,"Medical Leave",2025-04-24,2025-05-02,9,"No"
"LV105703_1",105703,"Sick Leave",2024-07-17,2024-07-18,2,"Yes"
"LV105308_1",105308,"Bereavement",2026-02-03,2026-02-06,4,"Yes"
"LV109656_1",109656,"Vacation",2025-12-28,2025-12-29,2,"Yes"
"LV101694_1",101694,"Sick Leave",2025-07-20,2025-07-21,2,"Yes"
"LV103389_1",103389,"Sick Leave",2024-12-19,2024-12-20,2,"Yes"
"LV106705_1",106705,"Sick Leave",2025-09-07,2025-09-11,5,"Yes"
"LV106705_2",106705,"Vacation",2025-10-09,2025-10-10,2,"Yes"
"LV108691_1",108691,"Medical Leave",2025-11-29,2025-12-17,19,"No"
"LV107695_1",107695,"Jury Duty",2025-12-20,2025-12-25,6,"Yes"
"LV109030_1",109030,"Vacation",2017-12-25,2018-01-03,10,"Yes"
"LV109802_1",109802,"Vacation",2023-10-14,2023-10-15,2,"Yes"
"LV107199_1",107199,"Vacation",2023-01-22,2023-01-24,3,"Yes"
"LV106237_1",106237,"Jury Duty",2022-07-12,2022-07-18,7,"Yes"
"LV102832_1",102832,"Sick Leave",2017-02-04,2017-02-04,1,"Yes"
"LV107303_1",107303,"Parental Leave",2017-07-24,2017-09-17,56,"No"
"LV107453_1",107453,"Sick Leave",2019-09-03,2019-09-04,2,"Yes"
"LV107162_1",107162,"Sick Leave",2019-08-29,2019-08-29,1,"Yes"
"LV101720_1",101720,"Sick Leave",2020-08-28,2020-09-01,5,"Yes"
"LV106742_1",106742,"Sick Leave",2024-03-29,2024-03-31,3,"Yes"
"LV102861_1",102861,"Sick Leave",2022-01-05,2022-01-09,5,"Yes"
"LV103715_1",103715,"Sick Leave",2022-01-24,2022-01-24,1,"Yes"
"LV104924_1",104924,"Vacation",2026-01-03,2026-01-10,8,"Yes"
"LV108481_1",108481,"Sick Leave",2015-03-29,2015-04-02,5,"Yes"
"LV101487_1",101487,"Vacation",2019-12-16,2019-12-25,10,"Yes"
"LV101413_1",101413,"Vacation",2017-01-25,2017-01-31,7,"Yes"
"LV104664_1",104664,"Vacation",2023-07-16,2023-07-24,9,"Yes"
"LV105058_1",105058,"Medical Leave",2017-05-05,2017-05-11,7,"No"
"LV105520_1",105520,"Jury Duty",2022-10-28,2022-10-28,1,"Yes"
"LV109920_1",109920,"Medical Leave",2024-09-01,2024-09-27,27,"No"
"LV105926_1",105926,"Sick Leave",2023-08-16,2023-08-20,5,"Yes"
"LV104658_1",104658,"Medical Leave",2022-01-14,2022-01-18,5,"Yes"
"LV104658_2",104658,"Sick Leave",2022-01-24,2022-01-25,2,"Yes"
"LV109807_1",109807,"Jury Duty",2024-02-11,2024-02-16,6,"Yes"
"LV104158_1",104158,"Vacation",2025-12-17,2025-12-18,2,"Yes"
"LV105151_1",105151,"Medical Leave",2024-12-31,2025-02-02,34,"No"
"LV108940_1",108940,"Sick Leave",2024-07-30,2024-08-02,4,"Yes"
"LV108704_1",108704,"Sick Leave",2024-07-25,2024-07-28,4,"Yes"
"LV108704_2",108704,"Vacation",2025-02-17,2025-02-26,10,"Yes"
"LV103418_1",103418,"Vacation",2024-10-15,2024-10-21,7,"Yes"
"LV107405_1",107405,"Bereavement",2018-12-04,2018-12-05,2,"Yes"
"LV107304_1",107304,"Vacation",2020-07-11,2020-07-17,7,"Yes"
"LV102453_1",102453,"Parental Leave",2015-11-26,2016-01-15,51,"No"
"LV102401_1",102401,"Vacation",2024-10-14,2024-10-22,9,"Yes"
"LV105364_1",105364,"Parental Leave",2019-03-09,2019-05-07,60,"Yes"
"LV108581_1",108581,"Parental Leave",2025-06-22,2025-08-20,60,"Yes"
"LV101906_1",101906,"Sick Leave",2022-10-01,2022-10-03,3,"Yes"
"LV109432_1",109432,"Sick Leave",2023-03-22,2023-03-25,4,"Yes"
"LV109434_1",109434,"Vacation",2021-05-05,2021-05-10,6,"Yes"
"LV104313_1",104313,"Vacation",2023-06-07,2023-06-14,8,"Yes"
"LV100563_1",100563,"Vacation",2023-12-31,2024-01-02,3,"Yes"
"LV108454_1",108454,"Vacation",2025-07-03,2025-07-09,7,"Yes"
"LV103794_1",103794,"Vacation",2023-11-10,2023-11-17,8,"Yes"
"LV103125_1",103125,"Vacation",2025-02-22,2025-03-03,10,"Yes"
"LV106171_1",106171,"Sick Leave",2024-05-18,2024-05-20,3,"Yes"
"LV106171_2",106171,"Vacation",2025-08-21,2025-08-26,6,"Yes"
"LV103934_1",103934,"Vacation",2025-06-29,2025-07-02,4,"Yes"
"LV105026_1",105026,"Vacation",2024-09-28,2024-10-02,5,"Yes"
"LV106156_1",106156,"Vacation",2025-05-18,2025-05-23,6,"Yes"
"LV109787_1",109787,"Medical Leave",2026-01-05,2026-02-05,32,"Yes"
"LV103310_1",103310,"Vacation",2025-11-12,2025-11-17,6,"Yes"
"LV102818_1",102818,"Sick Leave",2026-01-30,2026-02-01,3,"Yes"
"LV102283_1",102283,"Bereavement",2025-04-24,2025-04-26,3,"Yes"
"LV109291_1",109291,"Vacation",2020-11-14,2020-11-23,10,"Yes"
"LV106106_1",106106,"Vacation",2026-01-26,2026-02-03,9,"Yes"
"LV103936_1",103936,"Jury Duty",2018-03-05,2018-03-11,7,"Yes"
"LV103936_2",103936,"Sick Leave",2024-08-19,2024-08-19,1,"Yes"
"LV107406_1",107406,"Vacation",2023-02-28,2023-03-06,7,"Yes"
"LV100492_1",100492,"Vacation",2023-08-11,2023-08-15,5,"Yes"
"LV101747_1",101747,"Sick Leave",2024-12-08,2024-12-08,1,"Yes"
"LV104540_1",104540,"Sick Leave",2025-06-04,2025-06-04,1,"Yes"
"LV103315_1",103315,"Vacation",2025-05-05,2025-05-13,9,"Yes"
"LV105268_1",105268,"Sick Leave",2025-12-26,2025-12-28,3,"Yes"
"LV103894_1",103894,"Vacation",2025-12-02,2025-12-08,7,"Yes"
"LV106337_1",106337,"Vacation",2019-05-02,2019-05-03,2,"Yes"
"LV106133_1",106133,"Sick Leave",2023-07-28,2023-07-29,2,"Yes"
"LV107440_1",107440,"Sick Leave",2016-02-28,2016-02-28,1,"Yes"
"LV108718_1",108718,"Bereavement",2020-04-18,2020-04-21,4,"Yes"
"LV104373_1",104373,"Sick Leave",2019-09-25,2019-09-28,4,"Yes"
"LV105483_1",105483,"Vacation",2014-11-22,2014-12-01,10,"Yes"
"LV106838_1",106838,"Sick Leave",2022-10-28,2022-10-29,2,"Yes"
"LV108142_1",108142,"Jury Duty",2021-05-09,2021-05-12,4,"Yes"
"LV105082_1",105082,"Sick Leave",2019-01-11,2019-01-14,4,"Yes"
"LV106000_1",106000,"Sick Leave",2018-02-03,2018-02-06,4,"Yes"
"LV106000_2",106000,"Medical Leave",2025-11-10,2025-12-02,23,"Yes"
"LV103501_1",103501,"Vacation",2023-08-26,2023-09-03,9,"Yes"
"LV103459_1",103459,"Vacation",2018-01-08,2018-01-16,9,"Yes"
"LV104573_1",104573,"Sick Leave",2018-03-16,2018-03-18,3,"Yes"
"LV104573_2",104573,"Vacation",2025-07-13,2025-07-15,3,"Yes"
"LV103425_1",103425,"Vacation",2022-12-17,2022-12-22,6,"Yes"
"LV104193_1",104193,"Sick Leave",2023-06-04,2023-06-05,2,"Yes"
"LV104751_1",104751,"Vacation",2019-10-01,2019-10-07,7,"Yes"
"LV101969_1",101969,"Sick Leave",2024-09-24,2024-09-25,2,"Yes"
"LV102197_1",102197,"Medical Leave",2018-12-29,2019-01-11,14,"No"
"LV104518_1",104518,"Vacation",2023-10-07,2023-10-10,4,"Yes"
"LV104284_1",104284,"Medical Leave",2024-10-15,2024-11-15,32,"Yes"
"LV100044_1",100044,"Vacation",2025-03-30,2025-04-06,8,"Yes"
"LV103552_1",103552,"Sick Leave",2025-10-25,2025-10-28,4,"Yes"
"LV100864_1",100864,"Medical Leave",2023-10-24,2023-11-23,31,"No"
"LV100401_1",100401,"Parental Leave",2023-07-27,2023-08-29,34,"Yes"
"LV100401_2",100401,"Sick Leave",2025-01-05,2025-01-05,1,"Yes"
"LV108256_1",108256,"Vacation",2025-01-29,2025-01-30,2,"Yes"
"LV103260_1",103260,"Bereavement",2024-10-16,2024-10-17,2,"Yes"
"LV105447_1",105447,"Vacation",2025-09-09,2025-09-14,6,"Yes"
"LV105447_2",105447,"Sick Leave",2025-11-11,2025-11-15,5,"Yes"
"LV107595_1",107595,"Sick Leave",2024-04-11,2024-04-12,2,"Yes"
"LV107595_2",107595,"Jury Duty",2025-06-30,2025-06-30,1,"Yes"
"LV108709_1",108709,"Sick Leave",2025-05-30,2025-06-03,5,"Yes"
"LV108893_1",108893,"Parental Leave",2025-12-19,2026-02-13,57,"No"
"LV106772_1",106772,"Sick Leave",2025-09-18,2025-09-19,2,"Yes"
"LV108997_1",108997,"Vacation",2016-09-30,2016-10-09,10,"Yes"
"LV107751_1",107751,"Parental Leave",2014-08-08,2014-09-12,36,"Yes"
"LV100751_1",100751,"Vacation",2020-07-07,2020-07-09,3,"Yes"
"LV100751_2",100751,"Vacation",2023-04-22,2023-04-26,5,"Yes"
"LV102464_1",102464,"Sick Leave",2022-08-28,2022-08-29,2,"Yes"
"LV109375_1",109375,"Vacation",2019-05-18,2019-05-24,7,"Yes"
"LV109535_1",109535,"Vacation",2023-04-08,2023-04-15,8,"Yes"
"LV105659_1",105659,"Sick Leave",2023-05-23,2023-05-26,4,"Yes"
"LV107581_1",107581,"Medical Leave",2018-06-04,2018-06-29,26,"Yes"
"LV107581_2",107581,"Vacation",2023-06-11,2023-06-13,3,"Yes"
"LV102094_1",102094,"Medical Leave",2017-11-28,2017-12-19,22,"No"
"LV107048_1",107048,"Sick Leave",2018-10-09,2018-10-10,2,"Yes"
"LV108268_1",108268,"Medical Leave",2020-06-04,2020-06-16,13,"No"
"LV100086_1",100086,"Sick Leave",2021-03-05,2021-03-06,2,"Yes"
"LV101363_1",101363,"Sick Leave",2020-12-09,2020-12-09,1,"Yes"
"LV102630_1",102630,"Jury Duty",2023-05-17,2023-05-18,2,"Yes"
"LV103301_1",103301,"Jury Duty",2022-04-05,2022-04-06,2,"Yes"
"LV100636_1",100636,"Parental Leave",2025-04-26,2025-06-04,40,"No"
"LV106965_1",106965,"Sick Leave",2021-05-12,2021-05-15,4,"Yes"
"LV105048_1",105048,"Vacation",2024-03-12,2024-03-20,9,"Yes"
"LV107607_1",107607,"Jury Duty",2024-10-02,2024-10-09,8,"Yes"
"LV107078_1",107078,"Sick Leave",2023-01-20,2023-01-20,1,"Yes"
"LV109995_1",109995,"Vacation",2020-10-24,2020-10-26,3,"Yes"
"LV105816_1",105816,"Parental Leave",2023-11-28,2024-01-04,38,"Yes"
"LV105346_1",105346,"Bereavement",2025-01-20,2025-01-23,4,"Yes"
"LV109052_1",109052,"Vacation",2023-07-03,2023-07-06,4,"Yes"
"LV109487_1",109487,"Medical Leave",2021-10-24,2021-11-22,30,"No"
"LV107640_1",107640,"Vacation",2023-01-05,2023-01-06,2,"Yes"
"LV103646_1",103646,"Vacation",2022-02-12,2022-02-17,6,"Yes"
"LV103646_2",103646,"Vacation",2022-07-04,2022-07-10,7,"Yes"
"LV109266_1",109266,"Vacation",2022-10-15,2022-10-21,7,"Yes"
"LV104611_1",104611,"Vacation",2024-01-10,2024-01-18,9,"Yes"
"LV106058_1",106058,"Vacation",2025-03-19,2025-03-26,8,"Yes"
"LV100847_1",100847,"Parental Leave",2023-10-04,2023-10-31,28,"Yes"
"LV100283_1",100283,"Jury Duty",2023-12-02,2023-12-03,2,"Yes"
"LV100747_1",100747,"Vacation",2024-05-19,2024-05-25,7,"Yes"
"LV106711_1",106711,"Sick Leave",2025-03-01,2025-03-01,1,"Yes"
"LV105371_1",105371,"Vacation",2025-02-23,2025-02-27,5,"Yes"
"LV108147_1",108147,"Sick Leave",2025-10-08,2025-10-12,5,"Yes"
"LV100464_1",100464,"Bereavement",2025-10-05,2025-10-08,4,"Yes"
"LV106265_1",106265,"Jury Duty",2026-01-09,2026-01-13,5,"Yes"
"LV109227_1",109227,"Vacation",2025-09-30,2025-10-03,4,"Yes"
"LV100342_1",100342,"Vacation",2017-05-04,2017-05-07,4,"Yes"
"LV100342_2",100342,"Jury Duty",2023-12-04,2023-12-10,7,"Yes"
"LV106956_1",106956,"Vacation",2015-10-06,2015-10-12,7,"Yes"
"LV109379_1",109379,"Vacation",2024-07-21,2024-07-28,8,"Yes"
"LV105881_1",105881,"Sick Leave",2016-10-25,2016-10-25,1,"Yes"
"LV105620_1",105620,"Jury Duty",2022-01-26,2022-01-27,2,"Yes"
"LV109061_1",109061,"Medical Leave",2018-11-03,2018-11-18,16,"Yes"
"LV103838_1",103838,"Jury Duty",2018-03-25,2018-04-01,8,"Yes"
"LV100929_1",100929,"Vacation",2021-05-18,2021-05-20,3,"Yes"
"LV105344_1",105344,"Vacation",2020-11-11,2020-11-14,4,"Yes"
"LV105632_1",105632,"Vacation",2022-10-25,2022-10-26,2,"Yes"
"LV105692_1",105692,"Vacation",2023-05-05,2023-05-06,2,"Yes"
"LV105054_1",105054,"Vacation",2023-11-19,2023-11-23,5,"Yes"
"LV107811_1",107811,"Vacation",2019-12-15,2019-12-17,3,"Yes"
"LV101814_1",101814,"Sick Leave",2021-07-12,2021-07-14,3,"Yes"
"LV102099_1",102099,"Jury Duty",2020-05-20,2020-05-24,5,"Yes"
"LV100761_1",100761,"Medical Leave",2022-05-05,2022-05-18,14,"Yes"
"LV106542_1",106542,"Vacation",2018-04-29,2018-05-03,5,"Yes"
"LV106542_2",106542,"Jury Duty",2023-08-02,2023-08-02,1,"Yes"
"LV104657_1",104657,"Parental Leave",2021-06-12,2021-08-07,57,"Yes"
"LV109129_1",109129,"Vacation",2019-08-02,2019-08-10,9,"Yes"
"LV109129_2",109129,"Jury Duty",2022-02-08,2022-02-15,8,"Yes"
"LV101041_1",101041,"Vacation",2018-05-14,2018-05-19,6,"Yes"
"LV109927_1",109927,"Sick Leave",2020-06-14,2020-06-14,1,"Yes"
"LV101826_1",101826,"Vacation",2018-06-03,2018-06-06,4,"Yes"
"LV105420_1",105420,"Vacation",2024-03-06,2024-03-12,7,"Yes"
"LV105420_2",105420,"Sick Leave",2024-12-15,2024-12-16,2,"Yes"
"LV106229_1",106229,"Sick Leave",2021-09-19,2021-09-21,3,"Yes"
"LV104548_1",104548,"Parental Leave",2018-11-28,2018-12-29,32,"Yes"
"LV105004_1",105004,"Sick Leave",2025-10-01,2025-10-05,5,"Yes"
"LV107023_1",107023,"Sick Leave",2021-12-07,2021-12-11,5,"Yes"
"LV107778_1",107778,"Sick Leave",2025-06-28,2025-07-01,4,"Yes"
"LV108855_1",108855,"Sick Leave",2025-04-21,2025-04-21,1,"Yes"
"LV101594_1",101594,"Vacation",2024-04-13,2024-04-17,5,"Yes"
"LV108660_1",108660,"Sick Leave",2022-07-12,2022-07-15,4,"Yes"
"LV102961_1",102961,"Sick Leave",2023-01-27,2023-01-30,4,"Yes"
"LV104655_1",104655,"Sick Leave",2023-03-25,2023-03-29,5,"Yes"
"LV107533_1",107533,"Jury Duty",2025-09-02,2025-09-04,3,"Yes"
"LV102129_1",102129,"Vacation",2022-06-14,2022-06-16,3,"Yes"
"LV106203_1",106203,"Medical Leave",2020-01-29,2020-02-22,25,"Yes"
"LV102008_1",102008,"Vacation",2025-05-12,2025-05-21,10,"Yes"
"LV100083_1",100083,"Sick Leave",2023-05-06,2023-05-09,4,"Yes"
"LV100521_1",100521,"Medical Leave",2025-02-19,2025-03-06,16,"Yes"
"LV108110_1",108110,"Parental Leave",2023-07-31,2023-09-17,49,"No"
"LV103542_1",103542,"Jury Duty",2023-04-18,2023-04-22,5,"Yes"
"LV105854_1",105854,"Sick Leave",2022-12-09,2022-12-09,1,"Yes"
"LV104507_1",104507,"Vacation",2024-11-02,2024-11-08,7,"Yes"
"LV107455_1",107455,"Vacation",2022-06-26,2022-07-05,10,"Yes"
"LV103776_1",103776,"Sick Leave",2021-07-21,2021-07-23,3,"Yes"
"LV108236_1",108236,"Medical Leave",2022-09-20,2022-09-28,9,"No"
"LV100886_1",100886,"Sick Leave",2025-04-20,2025-04-24,5,"Yes"
"LV102062_1",102062,"Bereavement",2024-04-20,2024-04-24,5,"Yes"
"LV100300_1",100300,"Jury Duty",2024-07-19,2024-07-22,4,"Yes"
"LV101477_1",101477,"Sick Leave",2023-04-15,2023-04-19,5,"Yes"
"LV101477_2",101477,"Vacation",2023-11-05,2023-11-10,6,"Yes"
"LV106280_1",106280,"Vacation",2022-09-04,2022-09-06,3,"Yes"
"LV105368_1",105368,"Vacation",2024-05-15,2024-05-23,9,"Yes"
"LV101080_1",101080,"Vacation",2025-06-04,2025-06-13,10,"Yes"
"LV101180_1",101180,"Vacation",2023-12-01,2023-12-02,2,"Yes"
"LV101846_1",101846,"Sick Leave",2025-07-10,2025-07-14,5,"Yes"
"LV103808_1",103808,"Sick Leave",2024-03-04,2024-03-06,3,"Yes"
"LV106218_1",106218,"Medical Leave",2023-11-21,2023-12-21,31,"No"
"LV104444_1",104444,"Sick Leave",2024-12-11,2024-12-13,3,"Yes"
"LV103740_1",103740,"Sick Leave",2025-08-13,2025-08-13,1,"Yes"
"LV103203_1",103203,"Vacation",2025-04-14,2025-04-16,3,"Yes"
"LV100915_1",100915,"Sick Leave",2025-04-08,2025-04-09,2,"Yes"
"LV109902_1",109902,"Vacation",2026-01-13,2026-01-22,10,"Yes"
"LV101086_1",101086,"Parental Leave",2026-01-13,2026-02-12,31,"Yes"
"LV106275_1",106275,"Vacation",2020-05-14,2020-05-23,10,"Yes"
"LV107146_1",107146,"Vacation",2021-02-03,2021-02-05,3,"Yes"
"LV109519_1",109519,"Vacation",2014-09-10,2014-09-13,4,"Yes"
"LV107899_1",107899,"Medical Leave",2016-11-05,2016-11-13,9,"No"
"LV103129_1",103129,"Sick Leave",2020-02-14,2020-02-18,5,"Yes"
"LV104836_1",104836,"Sick Leave",2017-02-02,2017-02-04,3,"Yes"
"LV104836_2",104836,"Vacation",2020-12-02,2020-12-03,2,"Yes"
"LV108812_1",108812,"Bereavement",2021-06-04,2021-06-07,4,"Yes"
"LV102952_1",102952,"Sick Leave",2018-11-11,2018-11-11,1,"Yes"
"LV100162_1",100162,"Vacation",2025-12-12,2025-12-19,8,"Yes"
"LV109894_1",109894,"Parental Leave",2019-03-22,2019-05-07,47,"No"
"LV108634_1",108634,"Medical Leave",2018-07-22,2018-08-21,31,"Yes"
"LV105655_1",105655,"Vacation",2017-01-01,2017-01-08,8,"Yes"
"LV105838_1",105838,"Vacation",2023-04-12,2023-04-18,7,"Yes"
"LV109620_1",109620,"Vacation",2023-10-05,2023-10-11,7,"Yes"
"LV102442_1",102442,"Sick Leave",2018-05-17,2018-05-19,3,"Yes"
"LV100459_1",100459,"Medical Leave",2023-09-15,2023-10-22,38,"Yes"
"LV107178_1",107178,"Sick Leave",2018-07-17,2018-07-21,5,"Yes"
"LV102054_1",102054,"Vacation",2023-05-03,2023-05-08,6,"Yes"
"LV101719_1",101719,"Medical Leave",2026-01-22,2026-03-01,39,"No"
"LV105694_1",105694,"Parental Leave",2025-08-03,2025-09-06,35,"Yes"
"LV104554_1",104554,"Jury Duty",2024-08-28,2024-09-01,5,"Yes"
"LV104554_2",104554,"Sick Leave",2024-12-04,2024-12-07,4,"Yes"
"LV108867_1",108867,"Bereavement",2022-04-05,2022-04-06,2,"Yes"
"LV100146_1",100146,"Sick Leave",2021-03-10,2021-03-10,1,"Yes"
"LV105310_1",105310,"Jury Duty",2026-01-31,2026-02-03,4,"Yes"
"LV108161_1",108161,"Jury Duty",2022-11-05,2022-11-06,2,"Yes"
"LV107669_1",107669,"Vacation",2023-10-11,2023-10-12,2,"Yes"
"LV108864_1",108864,"Sick Leave",2023-02-06,2023-02-06,1,"Yes"
"LV109073_1",109073,"Medical Leave",2025-03-01,2025-03-13,13,"Yes"
"LV106249_1",106249,"Parental Leave",2023-07-02,2023-08-14,44,"Yes"
"LV106194_1",106194,"Jury Duty",2023-11-10,2023-11-15,6,"Yes"
"LV103801_1",103801,"Sick Leave",2025-11-10,2025-11-13,4,"Yes"
"LV101107_1",101107,"Sick Leave",2025-11-18,2025-11-21,4,"Yes"
"LV107678_1",107678,"Vacation",2024-11-08,2024-11-09,2,"Yes"
"LV109462_1",109462,"Sick Leave",2025-08-03,2025-08-07,5,"Yes"
"LV107525_1",107525,"Parental Leave",2025-09-29,2025-10-22,24,"Yes"
"LV105696_1",105696,"Medical Leave",2025-12-05,2025-12-16,12,"Yes"
"LV109270_1",109270,"Vacation",2023-04-18,2023-04-26,9,"Yes"
"LV109233_1",109233,"Vacation",2020-10-15,2020-10-20,6,"Yes"
"LV109592_1",109592,"Vacation",2018-04-29,2018-05-01,3,"Yes"
"LV109196_1",109196,"Sick Leave",2023-02-11,2023-02-12,2,"Yes"
"LV107852_1",107852,"Sick Leave",2020-02-29,2020-03-03,4,"Yes"
"LV102971_1",102971,"Vacation",2021-09-16,2021-09-20,5,"Yes"
"LV101984_1",101984,"Vacation",2018-07-18,2018-07-21,4,"Yes"
"LV101365_1",101365,"Parental Leave",2022-05-16,2022-06-10,26,"No"
"LV109952_1",109952,"Sick Leave",2025-02-02,2025-02-03,2,"Yes"
"LV107294_1",107294,"Vacation",2020-05-12,2020-05-21,10,"Yes"
"LV107294_2",107294,"Bereavement",2025-07-27,2025-07-29,3,"Yes"
"LV101494_1",101494,"Sick Leave",2024-03-25,2024-03-29,5,"Yes"
"LV103614_1",103614,"Sick Leave",2025-02-23,2025-02-26,4,"Yes"
"LV109492_1",109492,"Sick Leave",2020-10-12,2020-10-14,3,"Yes"
"LV109492_2",109492,"Vacation",2025-06-02,2025-06-08,7,"Yes"
"LV109155_1",109155,"Sick Leave",2020-10-04,2020-10-06,3,"Yes"
"LV103377_1",103377,"Parental Leave",2020-10-04,2020-11-14,42,"Yes"
"LV107102_1",107102,"Medical Leave",2026-01-17,2026-02-02,17,"No"
"LV102317_1",102317,"Medical Leave",2021-08-19,2021-08-30,12,"Yes"
"LV105018_1",105018,"Medical Leave",2025-09-12,2025-10-08,27,"Yes"
"LV109765_1",109765,"Vacation",2023-06-24,2023-06-25,2,"Yes"
"LV109765_2",109765,"Vacation",2025-11-12,2025-11-15,4,"Yes"
"LV103508_1",103508,"Vacation",2021-10-07,2021-10-10,4,"Yes"
"LV104340_1",104340,"Sick Leave",2024-08-17,2024-08-19,3,"Yes"
"LV102431_1",102431,"Parental Leave",2023-04-20,2023-06-05,47,"Yes"
"LV106654_1",106654,"Sick Leave",2024-01-25,2024-01-26,2,"Yes"
"LV106654_2",106654,"Vacation",2024-02-15,2024-02-20,6,"Yes"
"LV107252_1",107252,"Sick Leave",2024-10-23,2024-10-23,1,"Yes"
"LV109670_1",109670,"Vacation",2025-04-13,2025-04-20,8,"Yes"
"LV105935_1",105935,"Vacation",2024-12-10,2024-12-17,8,"Yes"
"LV100842_1",100842,"Sick Leave",2025-09-07,2025-09-07,1,"Yes"
"LV103111_1",103111,"Medical Leave",2024-12-20,2025-01-09,21,"No"
"LV100053_1",100053,"Vacation",2025-06-15,2025-06-24,10,"Yes"
"LV100615_1",100615,"Vacation",2024-09-13,2024-09-20,8,"Yes"
"LV107100_1",107100,"Jury Duty",2025-10-02,2025-10-02,1,"Yes"
"LV108069_1",108069,"Sick Leave",2013-03-28,2013-03-29,2,"Yes"
"LV108069_2",108069,"Vacation",2023-02-23,2023-02-27,5,"Yes"
"LV101282_1",101282,"Vacation",2016-08-07,2016-08-08,2,"Yes"
"LV104659_1",104659,"Vacation",2023-09-24,2023-09-27,4,"Yes"
"LV100413_1",100413,"Parental Leave",2023-01-05,2023-02-08,35,"Yes"
"LV106421_1",106421,"Medical Leave",2019-11-10,2019-11-21,12,"Yes"
"LV106421_2",106421,"Vacation",2023-11-21,2023-11-28,8,"Yes"
"LV104189_1",104189,"Jury Duty",2017-11-01,2017-11-06,6,"Yes"
"LV107028_1",107028,"Sick Leave",2024-07-24,2024-07-28,5,"Yes"
"LV104593_1",104593,"Parental Leave",2023-05-30,2023-07-10,42,"Yes"
"LV101161_1",101161,"Parental Leave",2020-07-15,2020-08-26,43,"Yes"
"LV100071_1",100071,"Vacation",2020-05-25,2020-06-01,8,"Yes"
"LV100071_2",100071,"Medical Leave",2025-04-27,2025-05-20,24,"Yes"
"LV105040_1",105040,"Parental Leave",2020-10-21,2020-11-16,27,"Yes"
"LV109845_1",109845,"Vacation",2021-03-11,2021-03-17,7,"Yes"
"LV109845_2",109845,"Medical Leave",2021-10-07,2021-11-05,30,"Yes"
"LV101424_1",101424,"Sick Leave",2022-01-26,2022-01-29,4,"Yes"
"LV102281_1",102281,"Vacation",2020-12-08,2020-12-15,8,"Yes"
"LV102281_2",102281,"Vacation",2025-10-19,2025-10-25,7,"Yes"
"LV103014_1",103014,"Medical Leave",2020-11-13,2020-12-04,22,"Yes"
"LV103699_1",103699,"Jury Duty",2022-12-18,2022-12-23,6,"Yes"
"LV103321_1",103321,"Vacation",2023-11-10,2023-11-13,4,"Yes"
"LV101680_1",101680,"Sick Leave",2024-02-06,2024-02-10,5,"Yes"
"LV101680_2",101680,"Jury Duty",2024-12-19,2024-12-26,8,"Yes"
"LV108662_1",108662,"Jury Duty",2025-10-30,2025-11-01,3,"Yes"
"LV104687_1",104687,"Vacation",2025-09-23,2025-10-01,9,"Yes"
"LV102908_1",102908,"Sick Leave",2016-04-03,2016-04-05,3,"Yes"
"LV102908_2",102908,"Medical Leave",2021-07-27,2021-09-03,39,"Yes"
"LV107114_1",107114,"Vacation",2021-07-04,2021-07-05,2,"Yes"
"LV106806_1",106806,"Vacation",2022-05-21,2022-05-23,3,"Yes"
"LV108894_1",108894,"Sick Leave",2023-03-01,2023-03-05,5,"Yes"
"LV106040_1",106040,"Parental Leave",2023-12-01,2023-12-23,23,"Yes"
"LV106040_2",106040,"Vacation",2024-09-03,2024-09-08,6,"Yes"
"LV102447_1",102447,"Vacation",2019-02-25,2019-02-28,4,"Yes"
"LV106800_1",106800,"Vacation",2024-04-30,2024-05-08,9,"Yes"
"LV106800_2",106800,"Vacation",2024-05-04,2024-05-09,6,"Yes"
"LV100543_1",100543,"Medical Leave",2024-06-29,2024-07-20,22,"No"
"LV101819_1",101819,"Bereavement",2019-12-06,2019-12-07,2,"Yes"
"LV109569_1",109569,"Vacation",2020-09-21,2020-09-26,6,"Yes"
"LV101607_1",101607,"Vacation",2023-10-24,2023-10-28,5,"Yes"
"LV106921_1",106921,"Vacation",2023-08-22,2023-08-23,2,"Yes"
"LV105969_1",105969,"Jury Duty",2024-05-24,2024-05-31,8,"Yes"
"LV105969_2",105969,"Medical Leave",2025-09-21,2025-10-24,34,"Yes"
"LV101301_1",101301,"Vacation",2023-11-17,2023-11-20,4,"Yes"
"LV100097_1",100097,"Sick Leave",2019-10-31,2019-11-03,4,"Yes"
"LV107518_1",107518,"Medical Leave",2025-08-08,2025-08-27,20,"No"
"LV109981_1",109981,"Sick Leave",2021-12-07,2021-12-09,3,"Yes"
"LV103930_1",103930,"Sick Leave",2025-07-23,2025-07-27,5,"Yes"
"LV104351_1",104351,"Vacation",2022-06-22,2022-06-30,9,"Yes"
"LV106600_1",106600,"Vacation",2023-12-19,2023-12-23,5,"Yes"
"LV106600_2",106600,"Vacation",2025-01-22,2025-01-25,4,"Yes"
"LV103925_1",103925,"Vacation",2024-07-26,2024-07-27,2,"Yes"
"LV102357_1",102357,"Parental Leave",2024-03-20,2024-05-07,49,"No"
"LV106357_1",106357,"Vacation",2024-11-17,2024-11-18,2,"Yes"
"LV103045_1",103045,"Sick Leave",2025-12-10,2025-12-10,1,"Yes"
"LV100853_1",100853,"Vacation",2025-05-25,2025-05-28,4,"Yes"
"LV100757_1",100757,"Sick Leave",2025-11-23,2025-11-27,5,"Yes"
"LV100757_2",100757,"Vacation",2025-12-22,2025-12-31,10,"Yes"
"LV107824_1",107824,"Sick Leave",2023-04-24,2023-04-26,3,"Yes"
"LV105640_1",105640,"Vacation",2024-01-15,2024-01-19,5,"Yes"
"LV104591_1",104591,"Vacation",2014-11-24,2014-12-01,8,"Yes"
"LV104591_2",104591,"Sick Leave",2025-09-07,2025-09-08,2,"Yes"
"LV109682_1",109682,"Sick Leave",2023-08-31,2023-09-04,5,"Yes"
"LV101836_1",101836,"Vacation",2023-12-28,2024-01-01,5,"Yes"
"LV101066_1",101066,"Bereavement",2018-03-23,2018-03-26,4,"Yes"
"LV102886_1",102886,"Sick Leave",2020-03-10,2020-03-11,2,"Yes"
"LV107025_1",107025,"Sick Leave",2022-02-19,2022-02-21,3,"Yes"
"LV102120_1",102120,"Sick Leave",2020-09-28,2020-09-29,2,"Yes"
"LV104577_1",104577,"Jury Duty",2023-07-03,2023-07-05,3,"Yes"
"LV104481_1",104481,"Medical Leave",2019-01-29,2019-03-08,39,"Yes"
"LV108300_1",108300,"Medical Leave",2025-05-06,2025-05-10,5,"No"
"LV105051_1",105051,"Medical Leave",2018-09-04,2018-09-15,12,"No"
"LV105347_1",105347,"Parental Leave",2022-12-08,2023-01-16,40,"No"
"LV102148_1",102148,"Medical Leave",2022-03-01,2022-03-18,18,"No"
"LV108244_1",108244,"Vacation",2025-07-21,2025-07-24,4,"Yes"
"LV103581_1",103581,"Sick Leave",2025-11-26,2025-11-26,1,"Yes"
"LV107585_1",107585,"Vacation",2025-04-11,2025-04-19,9,"Yes"
"LV106501_1",106501,"Vacation",2024-05-27,2024-06-01,6,"Yes"
"LV100693_1",100693,"Vacation",2024-03-20,2024-03-28,9,"Yes"
"LV105702_1",105702,"Vacation",2023-01-30,2023-02-07,9,"Yes"
"LV102229_1",102229,"Vacation",2022-07-28,2022-07-31,4,"Yes"
"LV102514_1",102514,"Sick Leave",2023-11-14,2023-11-18,5,"Yes"
"LV109106_1",109106,"Sick Leave",2021-05-14,2021-05-16,3,"Yes"
"LV109106_2",109106,"Sick Leave",2025-12-29,2025-12-29,1,"Yes"
"LV106755_1",106755,"Vacation",2024-05-12,2024-05-17,6,"Yes"
"LV103908_1",103908,"Vacation",2022-04-03,2022-04-05,3,"Yes"
"LV101728_1",101728,"Jury Duty",2023-06-03,2023-06-09,7,"Yes"
"LV107367_1",107367,"Parental Leave",2025-01-16,2025-02-27,43,"Yes"
"LV107352_1",107352,"Vacation",2022-11-24,2022-12-01,8,"Yes"
"LV109829_1",109829,"Bereavement",2023-12-27,2023-12-30,4,"Yes"
"LV109649_1",109649,"Sick Leave",2025-08-15,2025-08-15,1,"Yes"
"LV104472_1",104472,"Sick Leave",2025-09-08,2025-09-10,3,"Yes"
"LV104472_2",104472,"Vacation",2025-12-24,2025-12-31,8,"Yes"
"LV100124_1",100124,"Vacation",2025-02-06,2025-02-12,7,"Yes"
"LV102626_1",102626,"Jury Duty",2025-01-30,2025-02-01,3,"Yes"
"LV100766_1",100766,"Medical Leave",2025-07-26,2025-08-08,14,"Yes"
"LV106036_1",106036,"Vacation",2026-01-31,2026-02-01,2,"Yes"
"LV106080_1",106080,"Vacation",2026-01-25,2026-01-26,2,"Yes"
"LV102066_1",102066,"Vacation",2019-11-05,2019-11-10,6,"Yes"
"LV106088_1",106088,"Vacation",2023-07-16,2023-07-21,6,"Yes"
"LV103966_1",103966,"Parental Leave",2025-01-18,2025-03-09,51,"No"
"LV102709_1",102709,"Vacation",2017-11-15,2017-11-17,3,"Yes"
"LV105209_1",105209,"Vacation",2024-11-28,2024-11-30,3,"Yes"
"LV102048_1",102048,"Medical Leave",2020-04-04,2020-04-11,8,"Yes"
"LV107104_1",107104,"Sick Leave",2018-06-09,2018-06-13,5,"Yes"
"LV107104_2",107104,"Vacation",2022-05-30,2022-06-01,3,"Yes"
"LV102162_1",102162,"Bereavement",2023-09-30,2023-10-04,5,"Yes"
"LV102162_2",102162,"Sick Leave",2025-10-08,2025-10-11,4,"Yes"
"LV103268_1",103268,"Sick Leave",2019-02-25,2019-02-27,3,"Yes"
"LV109696_1",109696,"Vacation",2024-05-10,2024-05-14,5,"Yes"
"LV105842_1",105842,"Sick Leave",2022-11-29,2022-12-01,3,"Yes"
"LV106897_1",106897,"Sick Leave",2016-01-20,2016-01-22,3,"Yes"
"LV106897_2",106897,"Medical Leave",2016-10-14,2016-11-21,39,"No"
"LV102141_1",102141,"Medical Leave",2018-01-01,2018-01-21,21,"Yes"
"LV106513_1",106513,"Medical Leave",2022-10-04,2022-10-18,15,"No"
"LV106099_1",106099,"Medical Leave",2016-09-02,2016-09-26,25,"No"
"LV109673_1",109673,"Vacation",2019-05-12,2019-05-21,10,"Yes"
"LV101122_1",101122,"Bereavement",2015-10-17,2015-10-21,5,"Yes"
"LV101122_2",101122,"Vacation",2020-07-22,2020-07-31,10,"Yes"
"LV108495_1",108495,"Sick Leave",2016-08-18,2016-08-22,5,"Yes"
"LV108128_1",108128,"Sick Leave",2018-07-06,2018-07-09,4,"Yes"
"LV108128_2",108128,"Sick Leave",2019-07-03,2019-07-06,4,"Yes"
"LV103221_1",103221,"Vacation",2020-12-07,2020-12-10,4,"Yes"
"LV103221_2",103221,"Sick Leave",2020-12-30,2021-01-01,3,"Yes"
"LV101710_1",101710,"Vacation",2021-10-15,2021-10-18,4,"Yes"
"LV101402_1",101402,"Sick Leave",2015-11-21,2015-11-21,1,"Yes"
"LV100680_1",100680,"Bereavement",2023-07-13,2023-07-14,2,"Yes"
"LV103173_1",103173,"Medical Leave",2022-05-17,2022-06-03,18,"No"
"LV104732_1",104732,"Jury Duty",2015-08-14,2015-08-14,1,"Yes"
"LV106573_1",106573,"Sick Leave",2018-10-04,2018-10-08,5,"Yes"
"LV103898_1",103898,"Jury Duty",2021-06-07,2021-06-08,2,"Yes"
"LV102221_1",102221,"Sick Leave",2022-09-20,2022-09-20,1,"Yes"
"LV102135_1",102135,"Vacation",2016-08-02,2016-08-05,4,"Yes"
"LV102135_2",102135,"Vacation",2019-03-13,2019-03-18,6,"Yes"
"LV103054_1",103054,"Medical Leave",2020-08-09,2020-09-08,31,"No"
"LV104462_1",104462,"Vacation",2019-08-22,2019-08-30,9,"Yes"
"LV104698_1",104698,"Sick Leave",2020-10-22,2020-10-26,5,"Yes"
"LV108410_1",108410,"Vacation",2024-11-17,2024-11-23,7,"Yes"
"LV108113_1",108113,"Sick Leave",2020-07-11,2020-07-15,5,"Yes"
"LV104041_1",104041,"Vacation",2024-01-07,2024-01-11,5,"Yes"
"LV100712_1",100712,"Vacation",2019-07-22,2019-07-27,6,"Yes"
"LV105561_1",105561,"Vacation",2022-02-19,2022-02-21,3,"Yes"
"LV105084_1",105084,"Parental Leave",2017-10-18,2017-11-17,31,"No"
"LV105254_1",105254,"Vacation",2023-12-21,2023-12-29,9,"Yes"
"LV109228_1",109228,"Parental Leave",2024-05-24,2024-07-05,43,"Yes"
"LV108818_1",108818,"Bereavement",2018-10-07,2018-10-10,4,"Yes"
"LV106232_1",106232,"Bereavement",2025-06-01,2025-06-02,2,"Yes"
"LV105576_1",105576,"Vacation",2023-05-17,2023-05-26,10,"Yes"
"LV103289_1",103289,"Bereavement",2022-03-01,2022-03-03,3,"Yes"
"LV102039_1",102039,"Sick Leave",2017-12-08,2017-12-12,5,"Yes"
"LV101863_1",101863,"Medical Leave",2021-05-30,2021-06-22,24,"Yes"
"LV104888_1",104888,"Sick Leave",2020-10-23,2020-10-27,5,"Yes"
"LV100509_1",100509,"Sick Leave",2019-10-06,2019-10-08,3,"Yes"
"LV108825_1",108825,"Sick Leave",2025-08-05,2025-08-09,5,"Yes"
"LV104844_1",104844,"Vacation",2021-08-13,2021-08-14,2,"Yes"
"LV100307_1",100307,"Sick Leave",2025-08-30,2025-08-30,1,"Yes"
"LV109546_1",109546,"Sick Leave",2019-09-30,2019-10-04,5,"Yes"
"LV109546_2",109546,"Vacation",2025-07-05,2025-07-12,8,"Yes"
"LV109582_1",109582,"Medical Leave",2019-11-01,2019-11-16,16,"No"
"LV103019_1",103019,"Medical Leave",2023-05-30,2023-07-03,35,"No"
"LV104943_1",104943,"Sick Leave",2019-03-15,2019-03-16,2,"Yes"
"LV105939_1",105939,"Medical Leave",2023-11-18,2023-12-24,37,"No"
"LV105939_2",105939,"Vacation",2024-07-21,2024-07-27,7,"Yes"
"LV104599_1",104599,"Sick Leave",2021-10-19,2021-10-23,5,"Yes"
"LV102528_1",102528,"Parental Leave",2025-11-13,2025-12-04,22,"Yes"
"LV102620_1",102620,"Vacation",2021-10-17,2021-10-24,8,"Yes"
"LV106524_1",106524,"Sick Leave",2024-11-21,2024-11-21,1,"Yes"
"LV102733_1",102733,"Vacation",2022-09-15,2022-09-23,9,"Yes"
"LV103554_1",103554,"Medical Leave",2025-10-20,2025-11-15,27,"No"
"LV107372_1",107372,"Vacation",2021-04-06,2021-04-12,7,"Yes"
"LV103117_1",103117,"Sick Leave",2021-12-02,2021-12-02,1,"Yes"
"LV109883_1",109883,"Vacation",2023-11-18,2023-11-26,9,"Yes"
"LV109263_1",109263,"Sick Leave",2023-02-28,2023-03-04,5,"Yes"
"LV107244_1",107244,"Vacation",2024-07-21,2024-07-22,2,"Yes"
"LV106933_1",106933,"Vacation",2025-10-28,2025-11-05,9,"Yes"
"LV109909_1",109909,"Vacation",2022-08-16,2022-08-19,4,"Yes"
"LV105859_1",105859,"Medical Leave",2025-10-21,2025-11-12,23,"No"
"LV102060_1",102060,"Sick Leave",2023-09-11,2023-09-14,4,"Yes"
"LV103367_1",103367,"Bereavement",2020-11-19,2020-11-21,3,"Yes"
"LV104217_1",104217,"Parental Leave",2022-03-21,2022-05-14,55,"No"
"LV108924_1",108924,"Vacation",2024-02-27,2024-03-04,7,"Yes"
"LV109067_1",109067,"Vacation",2022-04-09,2022-04-10,2,"Yes"
"LV109067_2",109067,"Sick Leave",2023-07-20,2023-07-20,1,"Yes"
"LV102592_1",102592,"Vacation",2023-01-04,2023-01-09,6,"Yes"
"LV103234_1",103234,"Sick Leave",2024-02-04,2024-02-06,3,"Yes"
"LV103251_1",103251,"Bereavement",2025-08-31,2025-09-04,5,"Yes"
"LV102203_1",102203,"Sick Leave",2022-05-10,2022-05-10,1,"Yes"
"LV101874_1",101874,"Bereavement",2025-05-05,2025-05-07,3,"Yes"
"LV106560_1",106560,"Sick Leave",2023-01-22,2023-01-26,5,"Yes"
"LV100750_1",100750,"Medical Leave",2025-08-01,2025-08-19,19,"No"
"LV109944_1",109944,"Vacation",2022-11-01,2022-11-05,5,"Yes"
"LV101598_1",101598,"Vacation",2023-05-20,2023-05-24,5,"Yes"
"LV101598_2",101598,"Medical Leave",2024-03-23,2024-04-24,33,"No"
"LV103695_1",103695,"Vacation",2023-01-10,2023-01-13,4,"Yes"
"LV103695_2",103695,"Parental Leave",2025-12-26,2026-02-09,46,"No"
"LV105126_1",105126,"Vacation",2023-02-23,2023-03-01,7,"Yes"
"LV105126_2",105126,"Vacation",2025-03-28,2025-04-03,7,"Yes"
"LV108017_1",108017,"Vacation",2023-04-17,2023-04-26,10,"Yes"
"LV101156_1",101156,"Vacation",2025-12-15,2025-12-24,10,"Yes"
"LV104108_1",104108,"Vacation",2025-11-30,2025-12-06,7,"Yes"
"LV104837_1",104837,"Parental Leave",2024-07-08,2024-07-31,24,"Yes"
"LV104837_2",104837,"Jury Duty",2025-11-14,2025-11-17,4,"Yes"
"LV101341_1",101341,"Vacation",2023-07-26,2023-07-31,6,"Yes"
"LV109127_1",109127,"Vacation",2023-09-12,2023-09-18,7,"Yes"
"LV105059_1",105059,"Medical Leave",2024-05-30,2024-06-19,21,"Yes"
"LV100513_1",100513,"Vacation",2024-05-17,2024-05-24,8,"Yes"
"LV100513_2",100513,"Parental Leave",2025-10-29,2025-12-01,34,"Yes"
"LV100637_1",100637,"Sick Leave",2025-12-19,2025-12-19,1,"Yes"
"LV105875_1",105875,"Vacation",2025-08-13,2025-08-21,9,"Yes"
"LV105260_1",105260,"Bereavement",2025-02-14,2025-02-17,4,"Yes"
"LV105687_1",105687,"Vacation",2024-05-08,2024-05-17,10,"Yes"
"LV105687_2",105687,"Vacation",2024-08-06,2024-08-12,7,"Yes"
"LV103949_1",103949,"Vacation",2025-01-05,2025-01-08,4,"Yes"
"LV104317_1",104317,"Vacation",2024-11-18,2024-11-25,8,"Yes"
"LV109131_1",109131,"Sick Leave",2025-12-20,2025-12-23,4,"Yes"
"LV105442_1",105442,"Vacation",2025-04-02,2025-04-04,3,"Yes"
"LV100938_1",100938,"Vacation",2025-09-30,2025-10-06,7,"Yes"
"LV103189_1",103189,"Vacation",2025-11-24,2025-11-26,3,"Yes"
"LV105628_1",105628,"Vacation",2025-04-16,2025-04-25,10,"Yes"
"LV101225_1",101225,"Vacation",2025-07-04,2025-07-13,10,"Yes"
"LV101225_2",101225,"Vacation",2026-02-04,2026-02-10,7,"Yes"
"LV109818_1",109818,"Vacation",2025-11-24,2025-11-30,7,"Yes"
"LV102341_1",102341,"Vacation",2025-12-25,2025-12-26,2,"Yes"
"LV102424_1",102424,"Medical Leave",2025-07-25,2025-08-13,20,"Yes"
"LV100274_1",100274,"Sick Leave",2025-10-31,2025-10-31,1,"Yes"
"LV108928_1",108928,"Vacation",2026-02-14,2026-02-21,8,"Yes"
"LV101659_1",101659,"Vacation",2025-12-08,2025-12-16,9,"Yes"
"LV102303_1",102303,"Vacation",2026-02-07,2026-02-11,5,"Yes"
"LV100156_1",100156,"Sick Leave",2023-07-31,2023-08-02,3,"Yes"
"LV102691_1",102691,"Sick Leave",2025-06-05,2025-06-08,4,"Yes"
"LV102582_1",102582,"Sick Leave",2021-05-09,2021-05-10,2,"Yes"
"LV105117_1",105117,"Medical Leave",2024-12-27,2025-01-27,32,"No"
"LV109518_1",109518,"Bereavement",2020-06-22,2020-06-25,4,"Yes"
"LV109360_1",109360,"Parental Leave",2020-10-04,2020-11-07,35,"No"
"LV108891_1",108891,"Vacation",2016-02-10,2016-02-19,10,"Yes"
"LV105907_1",105907,"Sick Leave",2019-06-20,2019-06-24,5,"Yes"
"LV100175_1",100175,"Sick Leave",2024-10-21,2024-10-25,5,"Yes"
"LV109143_1",109143,"Sick Leave",2022-06-09,2022-06-13,5,"Yes"
"LV103746_1",103746,"Vacation",2025-02-16,2025-02-21,6,"Yes"
"LV101922_1",101922,"Vacation",2023-12-09,2023-12-18,10,"Yes"
"LV102910_1",102910,"Sick Leave",2018-03-15,2018-03-18,4,"Yes"
"LV104345_1",104345,"Vacation",2023-02-11,2023-02-12,2,"Yes"
"LV103963_1",103963,"Sick Leave",2020-12-05,2020-12-05,1,"Yes"
"LV107710_1",107710,"Vacation",2023-07-09,2023-07-12,4,"Yes"
"LV106507_1",106507,"Vacation",2023-07-30,2023-07-31,2,"Yes"
"LV107017_1",107017,"Sick Leave",2019-12-04,2019-12-08,5,"Yes"
"LV109034_1",109034,"Vacation",2023-12-14,2023-12-23,10,"Yes"
"LV109034_2",109034,"Sick Leave",2025-09-03,2025-09-04,2,"Yes"
"LV109121_1",109121,"Sick Leave",2020-12-22,2020-12-23,2,"Yes"
"LV103357_1",103357,"Medical Leave",2023-03-18,2023-04-14,28,"Yes"
"LV103357_2",103357,"Medical Leave",2026-01-28,2026-02-21,25,"Yes"
"LV109453_1",109453,"Vacation",2022-02-10,2022-02-17,8,"Yes"
"LV106045_1",106045,"Vacation",2021-10-05,2021-10-08,4,"Yes"
"LV106504_1",106504,"Sick Leave",2019-01-03,2019-01-06,4,"Yes"
"LV104387_1",104387,"Medical Leave",2020-10-07,2020-11-11,36,"No"
"LV101260_1",101260,"Medical Leave",2020-08-10,2020-09-05,27,"No"
"LV109530_1",109530,"Sick Leave",2020-11-18,2020-11-19,2,"Yes"
"LV107358_1",107358,"Jury Duty",2023-03-26,2023-03-29,4,"Yes"
"LV100326_1",100326,"Vacation",2025-02-13,2025-02-18,6,"Yes"
"LV106692_1",106692,"Vacation",2022-05-06,2022-05-10,5,"Yes"
"LV104595_1",104595,"Vacation",2023-11-12,2023-11-19,8,"Yes"
"LV103578_1",103578,"Sick Leave",2024-06-04,2024-06-08,5,"Yes"
"LV104587_1",104587,"Vacation",2025-10-20,2025-10-29,10,"Yes"
"LV108869_1",108869,"Medical Leave",2023-11-05,2023-12-08,34,"No"
"LV100201_1",100201,"Sick Leave",2025-02-23,2025-02-25,3,"Yes"
"LV105971_1",105971,"Vacation",2025-09-15,2025-09-24,10,"Yes"
"LV109163_1",109163,"Vacation",2025-09-18,2025-09-21,4,"Yes"
"LV105850_1",105850,"Vacation",2024-02-18,2024-02-22,5,"Yes"
"LV105850_2",105850,"Sick Leave",2025-03-13,2025-03-13,1,"Yes"
"LV107760_1",107760,"Sick Leave",2024-10-18,2024-10-21,4,"Yes"
"LV104223_1",104223,"Vacation",2025-07-19,2025-07-27,9,"Yes"
"LV105504_1",105504,"Parental Leave",2023-09-26,2023-11-04,40,"No"
"LV107140_1",107140,"Vacation",2024-12-07,2024-12-12,6,"Yes"
"LV102760_1",102760,"Sick Leave",2025-06-03,2025-06-05,3,"Yes"
"LV107887_1",107887,"Sick Leave",2025-02-27,2025-03-01,3,"Yes"
"LV107887_2",107887,"Vacation",2025-08-14,2025-08-15,2,"Yes"
"LV100803_1",100803,"Vacation",2025-11-27,2025-12-03,7,"Yes"
"LV105767_1",105767,"Sick Leave",2025-05-17,2025-05-20,4,"Yes"
"LV107036_1",107036,"Sick Leave",2026-02-03,2026-02-03,1,"Yes"
"LV107488_1",107488,"Sick Leave",2018-11-14,2018-11-17,4,"Yes"
"LV103485_1",103485,"Vacation",2016-12-03,2016-12-08,6,"Yes"
"LV109698_1",109698,"Sick Leave",2024-08-11,2024-08-11,1,"Yes"
"LV102764_1",102764,"Sick Leave",2016-10-05,2016-10-08,4,"Yes"
"LV108580_1",108580,"Sick Leave",2020-09-13,2020-09-15,3,"Yes"
"LV103752_1",103752,"Medical Leave",2025-09-19,2025-10-16,28,"No"
"LV109452_1",109452,"Medical Leave",2016-10-29,2016-12-06,39,"No"
"LV104858_1",104858,"Medical Leave",2017-08-01,2017-08-07,7,"No"
"LV104858_2",104858,"Vacation",2024-10-07,2024-10-15,9,"Yes"
"LV101948_1",101948,"Medical Leave",2017-06-07,2017-06-20,14,"Yes"
"LV101476_1",101476,"Medical Leave",2022-10-11,2022-11-10,31,"No"
"LV103774_1",103774,"Parental Leave",2019-02-01,2019-02-25,25,"No"
"LV104840_1",104840,"Vacation",2025-03-30,2025-04-07,9,"Yes"
"LV102502_1",102502,"Bereavement",2022-04-09,2022-04-13,5,"Yes"
"LV104645_1",104645,"Vacation",2019-11-21,2019-11-24,4,"Yes"
"LV102366_1",102366,"Vacation",2024-05-01,2024-05-05,5,"Yes"
"LV104910_1",104910,"Vacation",2022-12-25,2022-12-26,2,"Yes"
"LV100420_1",100420,"Sick Leave",2022-09-02,2022-09-05,4,"Yes"
"LV101523_1",101523,"Vacation",2025-07-28,2025-08-02,6,"Yes"
"LV107191_1",107191,"Medical Leave",2020-06-22,2020-06-27,6,"Yes"
"LV102877_1",102877,"Medical Leave",2023-07-27,2023-08-05,10,"Yes"
"LV107081_1",107081,"Vacation",2021-07-15,2021-07-17,3,"Yes"
"LV108887_1",108887,"Medical Leave",2022-07-27,2022-08-13,18,"Yes"
"LV102711_1",102711,"Jury Duty",2021-01-14,2021-01-21,8,"Yes"
"LV102711_2",102711,"Medical Leave",2025-06-18,2025-07-07,20,"Yes"
"LV109007_1",109007,"Vacation",2023-12-14,2023-12-22,9,"Yes"
"LV106221_1",106221,"Sick Leave",2023-09-18,2023-09-18,1,"Yes"
"LV105406_1",105406,"Vacation",2021-11-30,2021-12-05,6,"Yes"
"LV106446_1",106446,"Vacation",2025-01-27,2025-02-03,8,"Yes"
"LV105738_1",105738,"Sick Leave",2022-12-21,2022-12-23,3,"Yes"
"LV108394_1",108394,"Vacation",2023-07-01,2023-07-07,7,"Yes"
"LV102564_1",102564,"Vacation",2025-11-26,2025-12-03,8,"Yes"
"LV106181_1",106181,"Bereavement",2025-12-07,2025-12-11,5,"Yes"
"LV101806_1",101806,"Vacation",2024-12-28,2024-12-30,3,"Yes"
"LV106592_1",106592,"Sick Leave",2024-06-14,2024-06-18,5,"Yes"
"LV108754_1",108754,"Parental Leave",2025-06-03,2025-07-21,49,"No"
"LV103857_1",103857,"Medical Leave",2025-03-14,2025-04-11,29,"Yes"
"LV101526_1",101526,"Vacation",2025-02-11,2025-02-18,8,"Yes"
"LV106346_1",106346,"Sick Leave",2025-05-19,2025-05-22,4,"Yes"
"LV106346_2",106346,"Jury Duty",2025-11-23,2025-11-23,1,"Yes"
"LV109758_1",109758,"Jury Duty",2025-12-15,2025-12-17,3,"Yes"
"LV109758_2",109758,"Sick Leave",2026-01-01,2026-01-02,2,"Yes"
"LV108836_1",108836,"Medical Leave",2026-01-09,2026-01-31,23,"No"
"LV105053_1",105053,"Vacation",2025-11-16,2025-11-19,4,"Yes"
"LV109868_1",109868,"Vacation",2025-12-08,2025-12-15,8,"Yes"
"LV106365_1",106365,"Medical Leave",2024-09-01,2024-09-16,16,"No"
"LV100031_1",100031,"Vacation",2018-01-11,2018-01-14,4,"Yes"
"LV100031_2",100031,"Bereavement",2019-03-17,2019-03-21,5,"Yes"
"LV101459_1",101459,"Medical Leave",2015-06-09,2015-06-13,5,"Yes"
"LV102610_1",102610,"Parental Leave",2015-04-05,2015-05-20,46,"Yes"
"LV107479_1",107479,"Sick Leave",2022-04-20,2022-04-20,1,"Yes"
"LV104997_1",104997,"Medical Leave",2021-07-12,2021-08-15,35,"Yes"
"LV105157_1",105157,"Vacation",2018-07-24,2018-08-01,9,"Yes"
"LV105009_1",105009,"Parental Leave",2025-05-26,2025-06-20,26,"Yes"
"LV105016_1",105016,"Sick Leave",2016-05-01,2016-05-01,1,"Yes"
"LV101975_1",101975,"Sick Leave",2018-12-04,2018-12-08,5,"Yes"
"LV109278_1",109278,"Medical Leave",2024-04-14,2024-04-23,10,"Yes"
"LV108230_1",108230,"Sick Leave",2023-10-13,2023-10-17,5,"Yes"
"LV107601_1",107601,"Sick Leave",2023-11-12,2023-11-13,2,"Yes"
"LV106033_1",106033,"Sick Leave",2022-12-17,2022-12-17,1,"Yes"
"LV108811_1",108811,"Sick Leave",2020-03-22,2020-03-26,5,"Yes"
"LV108811_2",108811,"Vacation",2023-06-29,2023-07-05,7,"Yes"
"LV101905_1",101905,"Vacation",2022-06-25,2022-06-27,3,"Yes"
"LV105298_1",105298,"Medical Leave",2022-01-23,2022-02-08,17,"No"
"LV100850_1",100850,"Sick Leave",2023-02-18,2023-02-19,2,"Yes"
"LV100336_1",100336,"Vacation",2025-04-01,2025-04-05,5,"Yes"
"LV108258_1",108258,"Sick Leave",2025-01-26,2025-01-28,3,"Yes"
"LV100390_1",100390,"Vacation",2025-10-28,2025-11-03,7,"Yes"
"LV101500_1",101500,"Jury Duty",2025-05-24,2025-05-26,3,"Yes"
"LV109888_1",109888,"Sick Leave",2023-04-16,2023-04-16,1,"Yes"
"LV100883_1",100883,"Medical Leave",2023-10-25,2023-11-24,31,"No"
"LV109631_1",109631,"Medical Leave",2025-06-01,2025-06-09,9,"No"
"LV103531_1",103531,"Vacation",2023-04-06,2023-04-15,10,"Yes"
"LV103531_2",103531,"Vacation",2023-07-27,2023-08-04,9,"Yes"
"LV108604_1",108604,"Vacation",2024-07-23,2024-07-31,9,"Yes"
"LV104134_1",104134,"Vacation",2024-08-29,2024-09-07,10,"Yes"
"LV101120_1",101120,"Vacation",2026-02-02,2026-02-11,10,"Yes"
"LV101072_1",101072,"Medical Leave",2026-01-17,2026-02-16,31,"No"
"LV104966_1",104966,"Vacation",2025-08-13,2025-08-22,10,"Yes"
"LV109612_1",109612,"Sick Leave",2025-10-08,2025-10-11,4,"Yes"
"LV108522_1",108522,"Jury Duty",2014-05-17,2014-05-17,1,"Yes"
"LV107634_1",107634,"Sick Leave",2024-09-04,2024-09-06,3,"Yes"
"LV103394_1",103394,"Vacation",2020-06-03,2020-06-04,2,"Yes"
"LV108768_1",108768,"Jury Duty",2017-05-09,2017-05-15,7,"Yes"
"LV108768_2",108768,"Medical Leave",2018-03-24,2018-04-06,14,"Yes"
"LV109200_1",109200,"Jury Duty",2020-03-27,2020-04-02,7,"Yes"
"LV101642_1",101642,"Medical Leave",2025-11-19,2025-12-04,16,"No"
"LV101963_1",101963,"Sick Leave",2019-02-06,2019-02-10,5,"Yes"
"LV107968_1",107968,"Vacation",2022-06-07,2022-06-16,10,"Yes"
"LV107968_2",107968,"Sick Leave",2025-07-09,2025-07-10,2,"Yes"
"LV105012_1",105012,"Sick Leave",2017-02-23,2017-02-24,2,"Yes"
"LV109655_1",109655,"Parental Leave",2023-06-09,2023-07-15,37,"No"
"LV106908_1",106908,"Parental Leave",2021-12-23,2022-01-31,40,"No"
"LV105100_1",105100,"Vacation",2019-11-28,2019-12-05,8,"Yes"
"LV108267_1",108267,"Sick Leave",2022-07-11,2022-07-11,1,"Yes"
"LV104393_1",104393,"Bereavement",2024-01-22,2024-01-25,4,"Yes"
"LV104437_1",104437,"Vacation",2024-02-24,2024-02-28,5,"Yes"
"LV103666_1",103666,"Sick Leave",2019-10-11,2019-10-15,5,"Yes"
"LV102983_1",102983,"Sick Leave",2020-03-27,2020-03-27,1,"Yes"
"LV102233_1",102233,"Vacation",2023-03-22,2023-03-23,2,"Yes"
"LV108971_1",108971,"Sick Leave",2021-03-29,2021-03-31,3,"Yes"
"LV106571_1",106571,"Vacation",2023-01-28,2023-02-02,6,"Yes"
"LV105498_1",105498,"Medical Leave",2023-09-25,2023-11-02,39,"Yes"
"LV104365_1",104365,"Vacation",2022-11-01,2022-11-07,7,"Yes"
"LV100868_1",100868,"Sick Leave",2024-04-22,2024-04-26,5,"Yes"
"LV104109_1",104109,"Vacation",2024-05-13,2024-05-14,2,"Yes"
"LV103281_1",103281,"Vacation",2025-10-07,2025-10-10,4,"Yes"
"LV102074_1",102074,"Jury Duty",2025-12-09,2025-12-10,2,"Yes"
"LV104959_1",104959,"Medical Leave",2025-05-09,2025-06-17,40,"No"
"LV108953_1",108953,"Sick Leave",2025-10-17,2025-10-18,2,"Yes"
"LV109779_1",109779,"Sick Leave",2025-10-22,2025-10-22,1,"Yes"
"LV108877_1",108877,"Vacation",2024-10-08,2024-10-12,5,"Yes"
"LV109770_1",109770,"Vacation",2014-11-18,2014-11-27,10,"Yes"
"LV109770_2",109770,"Jury Duty",2025-04-06,2025-04-12,7,"Yes"
"LV105771_1",105771,"Vacation",2014-03-26,2014-03-30,5,"Yes"
"LV104001_1",104001,"Vacation",2014-02-23,2014-02-27,5,"Yes"
"LV102012_1",102012,"Sick Leave",2024-12-08,2024-12-08,1,"Yes"
"LV106635_1",106635,"Vacation",2014-09-04,2014-09-05,2,"Yes"
"LV102728_1",102728,"Vacation",2016-07-17,2016-07-23,7,"Yes"
"LV108610_1",108610,"Vacation",2016-03-30,2016-04-07,9,"Yes"
"LV108610_2",108610,"Sick Leave",2025-11-17,2025-11-19,3,"Yes"
"LV100205_1",100205,"Bereavement",2023-06-01,2023-06-04,4,"Yes"
"LV101105_1",101105,"Medical Leave",2017-11-03,2017-12-03,31,"Yes"
"LV100344_1",100344,"Medical Leave",2019-06-09,2019-06-21,13,"No"
"LV105461_1",105461,"Vacation",2021-10-14,2021-10-21,8,"Yes"
"LV102441_1",102441,"Sick Leave",2017-02-27,2017-02-27,1,"Yes"
"LV104598_1",104598,"Sick Leave",2025-12-15,2025-12-15,1,"Yes"
"LV100745_1",100745,"Vacation",2025-03-22,2025-03-27,6,"Yes"
"LV106514_1",106514,"Parental Leave",2020-09-11,2020-11-08,59,"No"
"LV102010_1",102010,"Sick Leave",2022-02-27,2022-03-03,5,"Yes"
"LV106369_1",106369,"Bereavement",2023-07-06,2023-07-09,4,"Yes"
"LV107551_1",107551,"Vacation",2024-07-10,2024-07-13,4,"Yes"
"LV101362_1",101362,"Sick Leave",2023-08-18,2023-08-18,1,"Yes"
"LV106301_1",106301,"Vacation",2022-10-25,2022-11-01,8,"Yes"
"LV106301_2",106301,"Sick Leave",2025-07-14,2025-07-17,4,"Yes"
"LV107780_1",107780,"Sick Leave",2021-08-24,2021-08-28,5,"Yes"
"LV103837_1",103837,"Vacation",2025-06-17,2025-06-18,2,"Yes"
"LV103253_1",103253,"Sick Leave",2019-01-25,2019-01-25,1,"Yes"
"LV107688_1",107688,"Vacation",2025-11-20,2025-11-23,4,"Yes"
"LV108899_1",108899,"Vacation",2022-08-13,2022-08-16,4,"Yes"
"LV108216_1",108216,"Vacation",2023-06-02,2023-06-06,5,"Yes"
"LV108524_1",108524,"Parental Leave",2026-01-12,2026-02-24,44,"No"
"LV105914_1",105914,"Medical Leave",2020-09-04,2020-10-05,32,"Yes"
"LV104312_1",104312,"Jury Duty",2022-04-25,2022-05-01,7,"Yes"
"LV108232_1",108232,"Vacation",2025-10-17,2025-10-25,9,"Yes"
"LV107001_1",107001,"Medical Leave",2025-08-20,2025-08-27,8,"No"
"LV108462_1",108462,"Parental Leave",2021-12-06,2022-01-31,57,"Yes"
"LV108532_1",108532,"Jury Duty",2026-01-30,2026-02-02,4,"Yes"
"LV102965_1",102965,"Jury Duty",2021-01-10,2021-01-15,6,"Yes"
"LV109353_1",109353,"Bereavement",2023-03-15,2023-03-18,4,"Yes"
"LV109146_1",109146,"Medical Leave",2023-07-02,2023-07-23,22,"Yes"
"LV100391_1",100391,"Vacation",2022-08-20,2022-08-25,6,"Yes"
"LV100391_2",100391,"Sick Leave",2023-06-11,2023-06-11,1,"Yes"
"LV104493_1",104493,"Sick Leave",2022-05-15,2022-05-15,1,"Yes"
"LV109037_1",109037,"Vacation",2026-02-13,2026-02-22,10,"Yes"
"LV109426_1",109426,"Parental Leave",2023-03-07,2023-04-05,30,"No"
"LV101481_1",101481,"Vacation",2024-06-12,2024-06-15,4,"Yes"
"LV101847_1",101847,"Medical Leave",2024-09-12,2024-10-02,21,"Yes"
"LV100716_1",100716,"Parental Leave",2025-06-30,2025-07-24,25,"No"
"LV100399_1",100399,"Sick Leave",2025-04-17,2025-04-21,5,"Yes"
"LV101382_1",101382,"Parental Leave",2025-10-01,2025-11-20,51,"Yes"
"LV106820_1",106820,"Vacation",2024-07-23,2024-07-27,5,"Yes"
"LV106820_2",106820,"Parental Leave",2025-02-27,2025-04-12,45,"No"
"LV107938_1",107938,"Bereavement",2025-12-25,2025-12-28,4,"Yes"
"LV101558_1",101558,"Parental Leave",2025-02-12,2025-03-27,44,"Yes"
"LV102608_1",102608,"Medical Leave",2025-06-29,2025-07-25,27,"Yes"
"LV100645_1",100645,"Vacation",2025-02-12,2025-02-13,2,"Yes"
"LV106152_1",106152,"Sick Leave",2025-01-08,2025-01-12,5,"Yes"
"LV100717_1",100717,"Sick Leave",2025-09-05,2025-09-09,5,"Yes"
"LV108717_1",108717,"Medical Leave",2026-02-09,2026-02-22,14,"No"
"LV108164_1",108164,"Jury Duty",2025-10-03,2025-10-10,8,"Yes"
"LV104869_1",104869,"Jury Duty",2025-10-16,2025-10-18,3,"Yes"
"LV104253_1",104253,"Vacation",2025-12-09,2025-12-14,6,"Yes"
"LV101535_1",101535,"Sick Leave",2026-01-14,2026-01-15,2,"Yes"
"LV101535_2",101535,"Vacation",2026-02-14,2026-02-20,7,"Yes"
"LV101703_1",101703,"Vacation",2018-07-31,2018-08-08,9,"Yes"
"LV106578_1",106578,"Vacation",2016-10-08,2016-10-09,2,"Yes"
"LV108290_1",108290,"Sick Leave",2014-02-05,2014-02-05,1,"Yes"
"LV108290_2",108290,"Vacation",2018-06-05,2018-06-14,10,"Yes"
"LV105200_1",105200,"Vacation",2017-02-16,2017-02-17,2,"Yes"
"LV103391_1",103391,"Vacation",2021-04-08,2021-04-14,7,"Yes"
"LV109036_1",109036,"Vacation",2018-05-14,2018-05-16,3,"Yes"
"LV102613_1",102613,"Sick Leave",2021-01-13,2021-01-15,3,"Yes"
"LV107617_1",107617,"Vacation",2014-05-22,2014-05-23,2,"Yes"
"LV100287_1",100287,"Vacation",2024-07-21,2024-07-22,2,"Yes"
"LV102428_1",102428,"Vacation",2019-09-05,2019-09-11,7,"Yes"
"LV102428_2",102428,"Vacation",2025-03-08,2025-03-16,9,"Yes"
"LV105207_1",105207,"Medical Leave",2018-12-11,2018-12-24,14,"No"
"LV102742_1",102742,"Vacation",2023-02-17,2023-02-20,4,"Yes"
"LV101100_1",101100,"Jury Duty",2023-05-07,2023-05-11,5,"Yes"
"LV109969_1",109969,"Vacation",2019-07-17,2019-07-26,10,"Yes"
"LV109969_2",109969,"Vacation",2020-01-11,2020-01-17,7,"Yes"
"LV100965_1",100965,"Sick Leave",2017-09-20,2017-09-21,2,"Yes"
"LV100951_1",100951,"Parental Leave",2018-03-03,2018-04-13,42,"No"
"LV100951_2",100951,"Bereavement",2025-09-29,2025-10-03,5,"Yes"
"LV101493_1",101493,"Medical Leave",2016-08-06,2016-08-30,25,"No"
"LV106192_1",106192,"Vacation",2016-01-10,2016-01-15,6,"Yes"
"LV102335_1",102335,"Medical Leave",2017-12-20,2018-01-13,25,"Yes"
"LV102335_2",102335,"Sick Leave",2024-03-07,2024-03-07,1,"Yes"
"LV109594_1",109594,"Vacation",2019-12-11,2019-12-13,3,"Yes"
"LV107722_1",107722,"Sick Leave",2018-09-02,2018-09-04,3,"Yes"
"LV105077_1",105077,"Sick Leave",2017-02-09,2017-02-11,3,"Yes"
"LV105077_2",105077,"Sick Leave",2018-12-01,2018-12-02,2,"Yes"
"LV105735_1",105735,"Sick Leave",2016-09-08,2016-09-11,4,"Yes"
"LV100566_1",100566,"Sick Leave",2024-01-06,2024-01-07,2,"Yes"
"LV102331_1",102331,"Sick Leave",2025-01-09,2025-01-13,5,"Yes"
"LV105510_1",105510,"Vacation",2017-05-17,2017-05-23,7,"Yes"
"LV107577_1",107577,"Sick Leave",2023-10-08,2023-10-12,5,"Yes"
"LV102935_1",102935,"Bereavement",2020-08-23,2020-08-26,4,"Yes"
"LV103452_1",103452,"Medical Leave",2023-07-25,2023-07-30,6,"No"
"LV106846_1",106846,"Vacation",2018-11-21,2018-11-25,5,"Yes"
"LV107419_1",107419,"Parental Leave",2018-11-09,2019-01-02,55,"No"
"LV100639_1",100639,"Vacation",2021-11-08,2021-11-13,6,"Yes"
"LV100639_2",100639,"Parental Leave",2025-11-07,2025-12-20,44,"Yes"
"LV108440_1",108440,"Sick Leave",2021-09-05,2021-09-09,5,"Yes"
"LV109980_1",109980,"Medical Leave",2023-07-03,2023-07-10,8,"No"
"LV104249_1",104249,"Sick Leave",2021-08-05,2021-08-09,5,"Yes"
"LV104249_2",104249,"Sick Leave",2024-09-24,2024-09-26,3,"Yes"
"LV107158_1",107158,"Vacation",2023-06-23,2023-06-24,2,"Yes"
"LV109206_1",109206,"Vacation",2023-08-04,2023-08-06,3,"Yes"
"LV108637_1",108637,"Bereavement",2020-01-27,2020-01-31,5,"Yes"
"LV107457_1",107457,"Sick Leave",2025-10-27,2025-10-31,5,"Yes"
"LV100410_1",100410,"Sick Leave",2019-04-17,2019-04-20,4,"Yes"
"LV100887_1",100887,"Sick Leave",2020-07-16,2020-07-16,1,"Yes"
"LV101281_1",101281,"Vacation",2025-03-31,2025-04-02,3,"Yes"
"LV102407_1",102407,"Bereavement",2023-08-14,2023-08-18,5,"Yes"
"LV104953_1",104953,"Jury Duty",2023-06-11,2023-06-12,2,"Yes"
"LV104297_1",104297,"Vacation",2023-05-22,2023-05-23,2,"Yes"
"LV103287_1",103287,"Vacation",2020-07-26,2020-07-30,5,"Yes"
"LV100984_1",100984,"Vacation",2019-08-15,2019-08-18,4,"Yes"
"LV109504_1",109504,"Sick Leave",2022-07-12,2022-07-12,1,"Yes"
"LV107541_1",107541,"Medical Leave",2024-07-28,2024-08-23,27,"No"
"LV107394_1",107394,"Medical Leave",2022-03-06,2022-04-07,33,"Yes"
"LV107394_2",107394,"Sick Leave",2026-01-30,2026-02-02,4,"Yes"
"LV106408_1",106408,"Vacation",2024-02-23,2024-02-24,2,"Yes"
"LV104921_1",104921,"Sick Leave",2022-04-28,2022-04-30,3,"Yes"
"LV103148_1",103148,"Vacation",2020-11-14,2020-11-16,3,"Yes"
"LV107012_1",107012,"Vacation",2021-12-25,2021-12-28,4,"Yes"
"LV103860_1",103860,"Parental Leave",2025-10-02,2025-11-08,38,"Yes"
"LV100433_1",100433,"Vacation",2025-12-02,2025-12-03,2,"Yes"
"LV100198_1",100198,"Vacation",2021-07-01,2021-07-05,5,"Yes"
"LV100198_2",100198,"Sick Leave",2025-01-15,2025-01-15,1,"Yes"
"LV106588_1",106588,"Vacation",2022-02-22,2022-02-25,4,"Yes"
"LV107965_1",107965,"Vacation",2025-07-02,2025-07-06,5,"Yes"
"LV107685_1",107685,"Parental Leave",2022-04-17,2022-06-12,57,"No"
"LV105499_1",105499,"Medical Leave",2023-01-02,2023-01-21,20,"Yes"
"LV105499_2",105499,"Medical Leave",2024-11-24,2024-12-24,31,"No"
"LV106312_1",106312,"Parental Leave",2025-11-23,2025-12-21,29,"No"
"LV108408_1",108408,"Vacation",2025-03-14,2025-03-22,9,"Yes"
"LV104843_1",104843,"Medical Leave",2025-07-02,2025-07-16,15,"Yes"
"LV108077_1",108077,"Vacation",2025-08-22,2025-08-24,3,"Yes"
"LV101977_1",101977,"Sick Leave",2025-09-08,2025-09-09,2,"Yes"
"LV103608_1",103608,"Vacation",2023-09-22,2023-10-01,10,"Yes"
"LV103608_2",103608,"Vacation",2024-12-18,2024-12-19,2,"Yes"
"LV107248_1",107248,"Vacation",2023-11-28,2023-12-01,4,"Yes"
"LV103236_1",103236,"Sick Leave",2024-03-12,2024-03-15,4,"Yes"
"LV106865_1",106865,"Vacation",2025-03-22,2025-03-25,4,"Yes"
"LV106865_2",106865,"Vacation",2025-12-27,2025-12-28,2,"Yes"
"LV105790_1",105790,"Vacation",2026-01-21,2026-01-28,8,"Yes"
"LV108643_1",108643,"Vacation",2025-01-23,2025-01-29,7,"Yes"
"LV108643_2",108643,"Sick Leave",2025-03-06,2025-03-10,5,"Yes"
"LV105717_1",105717,"Sick Leave",2025-07-18,2025-07-20,3,"Yes"
"LV107343_1",107343,"Medical Leave",2026-01-11,2026-02-18,39,"No"
"LV106149_1",106149,"Sick Leave",2025-07-31,2025-08-03,4,"Yes"
"LV106372_1",106372,"Vacation",2025-05-01,2025-05-09,9,"Yes"
"LV103141_1",103141,"Sick Leave",2025-05-17,2025-05-21,5,"Yes"
"LV102704_1",102704,"Bereavement",2025-01-22,2025-01-25,4,"Yes"
"LV106401_1",106401,"Bereavement",2024-06-11,2024-06-13,3,"Yes"
"LV108124_1",108124,"Medical Leave",2024-05-02,2024-06-08,38,"No"
"LV108124_2",108124,"Vacation",2025-07-10,2025-07-12,3,"Yes"
"LV101881_1",101881,"Vacation",2024-11-09,2024-11-13,5,"Yes"
"LV102800_1",102800,"Parental Leave",2025-12-29,2026-02-03,37,"Yes"
"LV106314_1",106314,"Sick Leave",2025-12-05,2025-12-07,3,"Yes"
"LV107668_1",107668,"Sick Leave",2026-01-21,2026-01-22,2,"Yes"
"LV110000_1",110000,"Sick Leave",2024-12-30,2025-01-02,4,"Yes"
"LV103067_1",103067,"Sick Leave",2025-05-22,2025-05-24,3,"Yes"
"LV108187_1",108187,"Medical Leave",2025-06-04,2025-06-22,19,"No"
"LV107333_1",107333,"Sick Leave",2025-12-02,2025-12-02,1,"Yes"
"LV107032_1",107032,"Sick Leave",2025-10-01,2025-10-03,3,"Yes"
"LV105610_1",105610,"Medical Leave",2026-02-06,2026-03-09,32,"Yes"
"LV101448_1",101448,"Sick Leave",2026-01-27,2026-01-28,2,"Yes"
"LV109584_1",109584,"Vacation",2026-01-29,2026-01-30,2,"Yes"
"LV105273_1",105273,"Sick Leave",2026-02-02,2026-02-03,2,"Yes"
"LV103967_1",103967,"Vacation",2026-02-05,2026-02-06,2,"Yes"
"LV105473_1",105473,"Vacation",2026-02-15,2026-02-21,7,"Yes"
"LV105605_1",105605,"Sick Leave",2024-02-21,2024-02-25,5,"Yes"
"LV104137_1",104137,"Vacation",2016-08-28,2016-09-03,7,"Yes"
"LV102918_1",102918,"Medical Leave",2022-03-05,2022-04-10,37,"No"
"LV102650_1",102650,"Vacation",2023-08-04,2023-08-13,10,"Yes"
"LV108932_1",108932,"Sick Leave",2016-09-15,2016-09-18,4,"Yes"
"LV104634_1",104634,"Sick Leave",2025-11-19,2025-11-22,4,"Yes"
"LV102906_1",102906,"Vacation",2019-10-18,2019-10-23,6,"Yes"
"LV109848_1",109848,"Sick Leave",2025-05-16,2025-05-17,2,"Yes"
"LV109763_1",109763,"Medical Leave",2022-12-31,2023-01-10,11,"Yes"
"LV109763_2",109763,"Vacation",2023-02-04,2023-02-05,2,"Yes"
"LV102266_1",102266,"Vacation",2021-09-03,2021-09-05,3,"Yes"
"LV104855_1",104855,"Vacation",2024-07-22,2024-07-23,2,"Yes"
"LV109194_1",109194,"Jury Duty",2024-12-19,2024-12-26,8,"Yes"
"LV106968_1",106968,"Medical Leave",2025-12-19,2025-12-27,9,"No"
"LV105891_1",105891,"Sick Leave",2025-10-05,2025-10-07,3,"Yes"
"LV104627_1",104627,"Parental Leave",2018-06-26,2018-07-15,20,"Yes"
"LV102184_1",102184,"Sick Leave",2015-05-02,2015-05-03,2,"Yes"
"LV104404_1",104404,"Sick Leave",2017-03-26,2017-03-28,3,"Yes"
"LV102628_1",102628,"Sick Leave",2018-08-31,2018-09-03,4,"Yes"
"LV102628_2",102628,"Vacation",2021-10-12,2021-10-18,7,"Yes"
"LV109825_1",109825,"Sick Leave",2015-01-29,2015-01-31,3,"Yes"
"LV100319_1",100319,"Vacation",2017-06-26,2017-07-05,10,"Yes"
"LV100319_2",100319,"Parental Leave",2020-08-25,2020-10-22,59,"Yes"
"LV101031_1",101031,"Medical Leave",2022-05-31,2022-06-07,8,"Yes"
"LV100936_1",100936,"Vacation",2016-03-19,2016-03-26,8,"Yes"
"LV105787_1",105787,"Jury Duty",2022-12-29,2023-01-03,6,"Yes"
"LV100348_1",100348,"Sick Leave",2019-04-13,2019-04-16,4,"Yes"
"LV100348_2",100348,"Sick Leave",2019-09-28,2019-09-29,2,"Yes"
"LV103844_1",103844,"Vacation",2021-09-22,2021-09-26,5,"Yes"
"LV100807_1",100807,"Vacation",2020-06-11,2020-06-20,10,"Yes"
"LV107298_1",107298,"Vacation",2026-01-27,2026-02-05,10,"Yes"
"LV107538_1",107538,"Sick Leave",2014-06-01,2014-06-01,1,"Yes"
"LV107538_2",107538,"Vacation",2025-12-01,2025-12-07,7,"Yes"
"LV105239_1",105239,"Vacation",2021-12-11,2021-12-15,5,"Yes"
"LV102132_1",102132,"Parental Leave",2025-07-26,2025-08-16,22,"Yes"
"LV100976_1",100976,"Medical Leave",2016-07-29,2016-08-25,28,"Yes"
"LV109160_1",109160,"Bereavement",2020-07-27,2020-07-28,2,"Yes"
"LV107547_1",107547,"Sick Leave",2021-12-14,2021-12-14,1,"Yes"
"LV107547_2",107547,"Vacation",2024-03-18,2024-03-23,6,"Yes"
"LV103771_1",103771,"Medical Leave",2018-12-18,2019-01-17,31,"Yes"
"LV107296_1",107296,"Vacation",2015-02-21,2015-03-02,10,"Yes"
"LV103852_1",103852,"Sick Leave",2015-12-23,2015-12-25,3,"Yes"
"LV108420_1",108420,"Sick Leave",2019-01-06,2019-01-06,1,"Yes"
"LV105788_1",105788,"Vacation",2020-05-15,2020-05-19,5,"Yes"
"LV105788_2",105788,"Vacation",2025-07-18,2025-07-19,2,"Yes"
"LV100066_1",100066,"Vacation",2023-10-23,2023-10-25,3,"Yes"
"LV101699_1",101699,"Sick Leave",2019-01-23,2019-01-27,5,"Yes"
"LV104309_1",104309,"Sick Leave",2019-04-24,2019-04-27,4,"Yes"
"LV104475_1",104475,"Sick Leave",2017-10-06,2017-10-06,1,"Yes"
"LV106575_1",106575,"Vacation",2020-01-02,2020-01-08,7,"Yes"
"LV106575_2",106575,"Sick Leave",2021-07-27,2021-07-30,4,"Yes"
"LV109182_1",109182,"Parental Leave",2016-05-22,2016-06-15,25,"No"
"LV102469_1",102469,"Parental Leave",2024-04-26,2024-05-23,28,"Yes"
"LV103399_1",103399,"Parental Leave",2018-07-15,2018-08-28,45,"Yes"
"LV103399_2",103399,"Vacation",2023-07-28,2023-08-05,9,"Yes"
"LV103685_1",103685,"Jury Duty",2015-11-21,2015-11-21,1,"Yes"
"LV108810_1",108810,"Vacation",2022-01-28,2022-01-30,3,"Yes"
"LV109567_1",109567,"Sick Leave",2017-11-30,2017-12-04,5,"Yes"
"LV106697_1",106697,"Medical Leave",2017-07-19,2017-07-30,12,"Yes"
"LV108536_1",108536,"Bereavement",2020-03-19,2020-03-23,5,"Yes"
"LV103883_1",103883,"Medical Leave",2024-09-12,2024-09-17,6,"Yes"
"LV103466_1",103466,"Vacation",2023-01-26,2023-01-31,6,"Yes"
"LV105149_1",105149,"Vacation",2021-04-18,2021-04-23,6,"Yes"
"LV105149_2",105149,"Vacation",2021-04-23,2021-04-28,6,"Yes"
"LV102770_1",102770,"Jury Duty",2017-07-18,2017-07-19,2,"Yes"
"LV100688_1",100688,"Sick Leave",2024-11-13,2024-11-15,3,"Yes"
"LV104300_1",104300,"Sick Leave",2026-02-13,2026-02-13,1,"Yes"
"LV101896_1",101896,"Vacation",2022-11-11,2022-11-17,7,"Yes"
"LV101896_2",101896,"Sick Leave",2024-08-26,2024-08-28,3,"Yes"
"LV109058_1",109058,"Sick Leave",2017-04-09,2017-04-12,4,"Yes"
"LV107241_1",107241,"Vacation",2022-04-22,2022-05-01,10,"Yes"
"LV101994_1",101994,"Parental Leave",2020-10-24,2020-12-03,41,"No"
"LV109463_1",109463,"Vacation",2023-03-13,2023-03-20,8,"Yes"
"LV106135_1",106135,"Vacation",2026-02-15,2026-02-19,5,"Yes"
"LV103597_1",103597,"Sick Leave",2020-01-31,2020-02-02,3,"Yes"
"LV107929_1",107929,"Vacation",2022-09-05,2022-09-09,5,"Yes"
"LV106923_1",106923,"Bereavement",2024-09-24,2024-09-28,5,"Yes"
"LV104534_1",104534,"Medical Leave",2019-08-12,2019-09-09,29,"Yes"
"LV105044_1",105044,"Vacation",2022-12-17,2022-12-21,5,"Yes"
"LV103351_1",103351,"Vacation",2025-03-02,2025-03-09,8,"Yes"
"LV108466_1",108466,"Sick Leave",2023-11-19,2023-11-19,1,"Yes"
"LV100866_1",100866,"Medical Leave",2025-05-10,2025-06-13,35,"Yes"
"LV102212_1",102212,"Sick Leave",2025-03-23,2025-03-27,5,"Yes"
"LV109232_1",109232,"Medical Leave",2020-12-07,2021-01-02,27,"Yes"
"LV106241_1",106241,"Parental Leave",2022-02-19,2022-03-11,21,"No"
"LV103807_1",103807,"Medical Leave",2022-05-31,2022-06-30,31,"Yes"
"LV108516_1",108516,"Sick Leave",2025-01-07,2025-01-08,2,"Yes"
"LV105678_1",105678,"Parental Leave",2022-01-08,2022-02-16,40,"Yes"
"LV108829_1",108829,"Sick Leave",2020-03-18,2020-03-20,3,"Yes"
"LV100209_1",100209,"Sick Leave",2023-05-18,2023-05-18,1,"Yes"
"LV109903_1",109903,"Parental Leave",2023-03-16,2023-05-12,58,"Yes"
"LV101356_1",101356,"Vacation",2022-09-25,2022-09-27,3,"Yes"
"LV109754_1",109754,"Sick Leave",2020-05-29,2020-05-31,3,"Yes"
"LV109754_2",109754,"Jury Duty",2020-06-05,2020-06-05,1,"Yes"
"LV104628_1",104628,"Sick Leave",2024-11-17,2024-11-18,2,"Yes"
"LV105601_1",105601,"Vacation",2020-08-08,2020-08-15,8,"Yes"
"LV105601_2",105601,"Vacation",2020-09-09,2020-09-10,2,"Yes"
"LV105235_1",105235,"Medical Leave",2022-04-22,2022-04-26,5,"No"
"LV100434_1",100434,"Vacation",2023-05-02,2023-05-10,9,"Yes"
"LV100434_2",100434,"Sick Leave",2024-08-25,2024-08-25,1,"Yes"
"LV106042_1",106042,"Sick Leave",2021-01-23,2021-01-26,4,"Yes"
"LV103649_1",103649,"Sick Leave",2024-03-05,2024-03-09,5,"Yes"
"LV109852_1",109852,"Vacation",2020-11-23,2020-11-24,2,"Yes"
"LV105129_1",105129,"Sick Leave",2023-07-27,2023-07-30,4,"Yes"
"LV102555_1",102555,"Medical Leave",2025-03-25,2025-04-28,35,"Yes"
"LV104662_1",104662,"Vacation",2025-03-24,2025-03-27,4,"Yes"
"LV105901_1",105901,"Vacation",2024-07-08,2024-07-15,8,"Yes"
"LV100268_1",100268,"Vacation",2024-05-10,2024-05-14,5,"Yes"
"LV104339_1",104339,"Jury Duty",2021-10-28,2021-11-03,7,"Yes"
"LV105188_1",105188,"Vacation",2025-06-02,2025-06-03,2,"Yes"
"LV105836_1",105836,"Vacation",2022-07-22,2022-07-28,7,"Yes"
"LV104154_1",104154,"Sick Leave",2025-10-07,2025-10-07,1,"Yes"
"LV102924_1",102924,"Sick Leave",2025-01-05,2025-01-06,2,"Yes"
"LV102924_2",102924,"Sick Leave",2025-04-03,2025-04-05,3,"Yes"
"LV106523_1",106523,"Sick Leave",2022-11-14,2022-11-18,5,"Yes"
"LV106523_2",106523,"Sick Leave",2024-05-03,2024-05-03,1,"Yes"
"LV105823_1",105823,"Vacation",2025-11-29,2025-12-06,8,"Yes"
"LV100992_1",100992,"Bereavement",2025-09-12,2025-09-16,5,"Yes"
"LV101572_1",101572,"Parental Leave",2024-09-09,2024-11-02,55,"Yes"
"LV101572_2",101572,"Vacation",2025-10-04,2025-10-07,4,"Yes"
"LV104261_1",104261,"Vacation",2022-07-03,2022-07-05,3,"Yes"
"LV102997_1",102997,"Vacation",2024-03-22,2024-03-23,2,"Yes"
"LV102997_2",102997,"Bereavement",2024-06-03,2024-06-04,2,"Yes"
"LV105707_1",105707,"Sick Leave",2026-01-02,2026-01-06,5,"Yes"
"LV109301_1",109301,"Vacation",2025-11-30,2025-12-01,2,"Yes"
"LV100140_1",100140,"Medical Leave",2023-01-18,2023-02-15,29,"No"
"LV101348_1",101348,"Vacation",2023-10-28,2023-10-30,3,"Yes"
"LV102651_1",102651,"Vacation",2025-07-20,2025-07-23,4,"Yes"
"LV104532_1",104532,"Sick Leave",2024-07-24,2024-07-26,3,"Yes"
"LV104306_1",104306,"Vacation",2025-06-07,2025-06-13,7,"Yes"
"LV106295_1",106295,"Vacation",2024-05-21,2024-05-24,4,"Yes"
"LV106295_2",106295,"Vacation",2025-01-10,2025-01-18,9,"Yes"
"LV109132_1",109132,"Parental Leave",2023-10-01,2023-11-20,51,"Yes"
"LV106225_1",106225,"Sick Leave",2024-06-25,2024-06-29,5,"Yes"
"LV104753_1",104753,"Sick Leave",2024-08-08,2024-08-09,2,"Yes"
"LV108933_1",108933,"Jury Duty",2025-07-25,2025-08-01,8,"Yes"
"LV102719_1",102719,"Sick Leave",2025-05-17,2025-05-20,4,"Yes"
"LV109635_1",109635,"Vacation",2024-05-10,2024-05-13,4,"Yes"
"LV108905_1",108905,"Sick Leave",2024-04-10,2024-04-13,4,"Yes"
"LV103621_1",103621,"Vacation",2025-03-14,2025-03-23,10,"Yes"
"LV106597_1",106597,"Jury Duty",2026-01-15,2026-01-19,5,"Yes"
"LV105003_1",105003,"Medical Leave",2025-09-04,2025-09-20,17,"No"
"LV102415_1",102415,"Medical Leave",2026-02-15,2026-03-19,33,"Yes"
"LV100694_1",100694,"Bereavement",2025-09-01,2025-09-04,4,"Yes"
"LV100694_2",100694,"Parental Leave",2025-09-22,2025-11-18,58,"Yes"
"LV104938_1",104938,"Jury Duty",2024-08-26,2024-08-31,6,"Yes"
"LV104938_2",104938,"Medical Leave",2025-01-05,2025-02-08,35,"Yes"
"LV109108_1",109108,"Vacation",2024-12-12,2024-12-19,8,"Yes"
"LV102342_1",102342,"Jury Duty",2025-03-03,2025-03-05,3,"Yes"
"LV109640_1",109640,"Sick Leave",2024-11-03,2024-11-06,4,"Yes"
"LV108985_1",108985,"Sick Leave",2025-07-08,2025-07-10,3,"Yes"
"LV109684_1",109684,"Sick Leave",2024-11-06,2024-11-10,5,"Yes"
"LV109688_1",109688,"Sick Leave",2025-03-01,2025-03-04,4,"Yes"
"LV109872_1",109872,"Vacation",2025-06-26,2025-07-02,7,"Yes"
"LV103835_1",103835,"Vacation",2025-07-21,2025-07-26,6,"Yes"
"LV105689_1",105689,"Vacation",2025-09-29,2025-10-03,5,"Yes"
"LV102295_1",102295,"Parental Leave",2025-06-27,2025-07-29,33,"Yes"
"LV107602_1",107602,"Vacation",2025-09-15,2025-09-24,10,"Yes"
"LV108201_1",108201,"Sick Leave",2026-01-06,2026-01-10,5,"Yes"
"LV101228_1",101228,"Vacation",2025-12-23,2025-12-25,3,"Yes"
"LV109863_1",109863,"Sick Leave",2026-02-01,2026-02-01,1,"Yes"
"LV100665_1",100665,"Vacation",2019-04-30,2019-05-06,7,"Yes"
"LV105313_1",105313,"Sick Leave",2019-04-22,2019-04-26,5,"Yes"
"LV109219_1",109219,"Vacation",2017-08-09,2017-08-12,4,"Yes"
"LV108432_1",108432,"Sick Leave",2013-06-07,2013-06-07,1,"Yes"
"LV108432_2",108432,"Vacation",2017-12-07,2017-12-16,10,"Yes"
"LV101918_1",101918,"Bereavement",2015-07-19,2015-07-21,3,"Yes"
"LV101038_1",101038,"Parental Leave",2017-02-27,2017-04-06,39,"Yes"
"LV107441_1",107441,"Sick Leave",2015-01-11,2015-01-11,1,"Yes"
"LV102393_1",102393,"Parental Leave",2016-12-23,2017-02-11,51,"Yes"
"LV102492_1",102492,"Medical Leave",2022-04-18,2022-04-23,6,"No"
"LV103717_1",103717,"Sick Leave",2023-05-14,2023-05-15,2,"Yes"
"LV106868_1",106868,"Vacation",2018-08-06,2018-08-10,5,"Yes"
"LV101408_1",101408,"Jury Duty",2022-10-07,2022-10-09,3,"Yes"
"LV109810_1",109810,"Parental Leave",2022-03-29,2022-05-13,46,"Yes"
"LV102869_1",102869,"Medical Leave",2018-01-20,2018-02-25,37,"No"
"LV102869_2",102869,"Jury Duty",2023-09-23,2023-09-30,8,"Yes"
"LV107573_1",107573,"Sick Leave",2022-02-17,2022-02-17,1,"Yes"
"LV107752_1",107752,"Bereavement",2021-08-25,2021-08-28,4,"Yes"
"LV107752_2",107752,"Vacation",2024-10-13,2024-10-15,3,"Yes"
"LV100400_1",100400,"Sick Leave",2018-02-09,2018-02-13,5,"Yes"
"LV101110_1",101110,"Vacation",2018-11-19,2018-11-26,8,"Yes"
"LV101350_1",101350,"Parental Leave",2024-01-12,2024-03-11,60,"No"
"LV102646_1",102646,"Vacation",2022-06-08,2022-06-13,6,"Yes"
"LV108291_1",108291,"Sick Leave",2023-09-03,2023-09-05,3,"Yes"
"LV106530_1",106530,"Vacation",2018-08-23,2018-08-26,4,"Yes"
"LV106530_2",106530,"Medical Leave",2021-08-17,2021-09-03,18,"Yes"
"LV102139_1",102139,"Vacation",2022-12-16,2022-12-19,4,"Yes"
"LV109722_1",109722,"Sick Leave",2026-01-19,2026-01-22,4,"Yes"
"LV108392_1",108392,"Sick Leave",2019-08-16,2019-08-16,1,"Yes"
"LV105582_1",105582,"Medical Leave",2020-06-11,2020-06-24,14,"No"
"LV105582_2",105582,"Sick Leave",2024-11-24,2024-11-28,5,"Yes"
"LV107709_1",107709,"Vacation",2021-02-02,2021-02-09,8,"Yes"
"LV107709_2",107709,"Medical Leave",2023-06-23,2023-07-02,10,"No"
"LV103380_1",103380,"Jury Duty",2022-02-17,2022-02-24,8,"Yes"
"LV101343_1",101343,"Vacation",2025-10-06,2025-10-12,7,"Yes"
"LV105064_1",105064,"Vacation",2024-04-22,2024-04-28,7,"Yes"
"LV105732_1",105732,"Sick Leave",2026-02-02,2026-02-02,1,"Yes"
"LV104841_1",104841,"Vacation",2022-05-18,2022-05-27,10,"Yes"
"LV104841_2",104841,"Jury Duty",2024-11-03,2024-11-05,3,"Yes"
"LV100312_1",100312,"Sick Leave",2022-03-17,2022-03-21,5,"Yes"
"LV100312_2",100312,"Parental Leave",2024-05-22,2024-06-16,26,"Yes"
"LV108096_1",108096,"Medical Leave",2023-02-23,2023-03-31,37,"No"
"LV106257_1",106257,"Medical Leave",2024-02-22,2024-03-08,16,"Yes"
"LV109293_1",109293,"Vacation",2023-11-09,2023-11-12,4,"Yes"
"LV101563_1",101563,"Sick Leave",2025-07-24,2025-07-27,4,"Yes"
"LV102081_1",102081,"Bereavement",2024-06-22,2024-06-26,5,"Yes"
"LV102081_2",102081,"Medical Leave",2025-02-24,2025-03-03,8,"No"
"LV103576_1",103576,"Vacation",2025-06-08,2025-06-15,8,"Yes"
"LV101079_1",101079,"Sick Leave",2025-08-22,2025-08-25,4,"Yes"
"LV102781_1",102781,"Bereavement",2025-08-15,2025-08-16,2,"Yes"
"LV102043_1",102043,"Parental Leave",2024-08-10,2024-10-08,60,"No"
"LV102043_2",102043,"Vacation",2025-09-03,2025-09-09,7,"Yes"
"LV103004_1",103004,"Sick Leave",2024-10-02,2024-10-06,5,"Yes"
"LV104123_1",104123,"Parental Leave",2025-11-29,2026-01-26,59,"Yes"
"LV104430_1",104430,"Sick Leave",2025-09-29,2025-10-03,5,"Yes"
"LV104209_1",104209,"Vacation",2026-01-16,2026-01-21,6,"Yes"
"LV109990_1",109990,"Vacation",2025-12-05,2025-12-12,8,"Yes"
"LV108878_1",108878,"Medical Leave",2025-09-24,2025-10-07,14,"No"
"LV106132_1",106132,"Jury Duty",2025-09-26,2025-09-30,5,"Yes"
"LV102729_1",102729,"Vacation",2025-12-22,2025-12-24,3,"Yes"
"LV104177_1",104177,"Vacation",2026-01-04,2026-01-11,8,"Yes"
"LV102856_1",102856,"Bereavement",2023-02-03,2023-02-05,3,"Yes"
"LV101941_1",101941,"Parental Leave",2022-09-27,2022-10-28,32,"No"
"LV101941_2",101941,"Vacation",2025-05-23,2025-05-31,9,"Yes"
"LV101717_1",101717,"Bereavement",2021-07-16,2021-07-19,4,"Yes"
"LV104305_1",104305,"Medical Leave",2024-08-12,2024-09-19,39,"Yes"
"LV108711_1",108711,"Vacation",2015-06-13,2015-06-14,2,"Yes"
"LV106142_1",106142,"Jury Duty",2025-04-14,2025-04-16,3,"Yes"
"LV104173_1",104173,"Jury Duty",2018-07-09,2018-07-10,2,"Yes"
"LV106731_1",106731,"Vacation",2022-05-20,2022-05-21,2,"Yes"
"LV102322_1",102322,"Sick Leave",2024-09-22,2024-09-23,2,"Yes"
"LV102915_1",102915,"Vacation",2024-03-06,2024-03-11,6,"Yes"
"LV108821_1",108821,"Vacation",2018-06-22,2018-06-23,2,"Yes"
"LV101591_1",101591,"Vacation",2019-05-20,2019-05-28,9,"Yes"
"LV101591_2",101591,"Vacation",2024-03-12,2024-03-16,5,"Yes"
"LV107856_1",107856,"Vacation",2024-04-23,2024-04-29,7,"Yes"
"LV104352_1",104352,"Parental Leave",2021-12-29,2022-01-30,33,"Yes"
"LV104103_1",104103,"Vacation",2023-04-29,2023-05-08,10,"Yes"
"LV105892_1",105892,"Jury Duty",2021-11-13,2021-11-14,2,"Yes"
"LV101394_1",101394,"Vacation",2018-11-03,2018-11-12,10,"Yes"
"LV101394_2",101394,"Parental Leave",2024-03-06,2024-05-04,60,"Yes"
"LV107179_1",107179,"Sick Leave",2025-10-06,2025-10-06,1,"Yes"
"LV103249_1",103249,"Vacation",2024-02-19,2024-02-25,7,"Yes"
"LV105580_1",105580,"Jury Duty",2022-01-22,2022-01-27,6,"Yes"
"LV105580_2",105580,"Vacation",2024-01-22,2024-01-26,5,"Yes"
"LV109256_1",109256,"Vacation",2023-09-06,2023-09-14,9,"Yes"
"LV102243_1",102243,"Vacation",2024-01-01,2024-01-02,2,"Yes"
"LV101460_1",101460,"Vacation",2022-03-11,2022-03-15,5,"Yes"
"LV103914_1",103914,"Bereavement",2022-11-26,2022-11-29,4,"Yes"
"LV105672_1",105672,"Vacation",2023-05-13,2023-05-16,4,"Yes"
"LV105672_2",105672,"Sick Leave",2023-09-13,2023-09-15,3,"Yes"
"LV100900_1",100900,"Vacation",2021-11-07,2021-11-12,6,"Yes"
"LV102426_1",102426,"Sick Leave",2025-08-14,2025-08-15,2,"Yes"
"LV109861_1",109861,"Vacation",2025-02-20,2025-02-25,6,"Yes"
"LV102242_1",102242,"Vacation",2023-02-14,2023-02-20,7,"Yes"
"LV100980_1",100980,"Vacation",2023-08-31,2023-09-04,5,"Yes"
"LV102633_1",102633,"Sick Leave",2024-02-24,2024-02-27,4,"Yes"
"LV102633_2",102633,"Vacation",2024-05-26,2024-05-29,4,"Yes"
"LV104902_1",104902,"Bereavement",2024-06-22,2024-06-25,4,"Yes"
"LV107301_1",107301,"Parental Leave",2024-09-17,2024-11-09,54,"No"
"LV100232_1",100232,"Vacation",2025-12-31,2026-01-06,7,"Yes"
"LV106861_1",106861,"Sick Leave",2025-08-29,2025-08-31,3,"Yes"
"LV107882_1",107882,"Vacation",2025-10-27,2025-10-31,5,"Yes"
"LV108055_1",108055,"Medical Leave",2026-01-24,2026-02-24,32,"No"
"LV105869_1",105869,"Sick Leave",2025-02-25,2025-02-27,3,"Yes"
"LV100906_1",100906,"Medical Leave",2023-08-27,2023-09-05,10,"No"
"LV104616_1",104616,"Sick Leave",2020-02-12,2020-02-13,2,"Yes"
"LV102532_1",102532,"Parental Leave",2023-10-10,2023-11-07,29,"No"
"LV102604_1",102604,"Vacation",2023-08-06,2023-08-08,3,"Yes"
"LV101835_1",101835,"Vacation",2016-04-13,2016-04-22,10,"Yes"
"LV108479_1",108479,"Vacation",2015-06-10,2015-06-12,3,"Yes"
"LV108479_2",108479,"Vacation",2020-10-09,2020-10-12,4,"Yes"
"LV104642_1",104642,"Vacation",2019-12-25,2020-01-03,10,"Yes"
"LV100395_1",100395,"Vacation",2022-12-16,2022-12-18,3,"Yes"
"LV100311_1",100311,"Jury Duty",2015-06-13,2015-06-16,4,"Yes"
"LV103094_1",103094,"Sick Leave",2020-06-29,2020-07-03,5,"Yes"
"LV102519_1",102519,"Bereavement",2017-06-08,2017-06-09,2,"Yes"
"LV104931_1",104931,"Sick Leave",2025-04-03,2025-04-07,5,"Yes"
"LV109857_1",109857,"Sick Leave",2025-08-13,2025-08-16,4,"Yes"
"LV103533_1",103533,"Sick Leave",2022-12-21,2022-12-23,3,"Yes"
"LV100852_1",100852,"Medical Leave",2017-06-02,2017-07-07,36,"No"
"LV100852_2",100852,"Vacation",2019-02-03,2019-02-11,9,"Yes"
"LV101604_1",101604,"Sick Leave",2023-11-16,2023-11-16,1,"Yes"
"LV100480_1",100480,"Vacation",2022-07-31,2022-08-06,7,"Yes"
"LV100194_1",100194,"Sick Leave",2022-03-14,2022-03-18,5,"Yes"
"LV109731_1",109731,"Vacation",2024-06-24,2024-07-03,10,"Yes"
"LV100579_1",100579,"Vacation",2020-11-13,2020-11-18,6,"Yes"
"LV107106_1",107106,"Vacation",2017-11-02,2017-11-10,9,"Yes"
"LV107106_2",107106,"Sick Leave",2018-08-21,2018-08-21,1,"Yes"
"LV109019_1",109019,"Vacation",2026-01-09,2026-01-16,8,"Yes"
"LV109508_1",109508,"Vacation",2024-05-31,2024-06-03,4,"Yes"
"LV109098_1",109098,"Sick Leave",2019-06-30,2019-07-03,4,"Yes"
"LV103902_1",103902,"Vacation",2019-04-19,2019-04-26,8,"Yes"
"LV103902_2",103902,"Vacation",2024-07-25,2024-07-31,7,"Yes"
"LV108673_1",108673,"Medical Leave",2018-10-23,2018-11-21,30,"No"
"LV102182_1",102182,"Vacation",2024-01-22,2024-01-28,7,"Yes"
"LV109645_1",109645,"Sick Leave",2025-05-27,2025-05-30,4,"Yes"
"LV104682_1",104682,"Vacation",2021-02-16,2021-02-19,4,"Yes"
"LV105337_1",105337,"Medical Leave",2022-03-05,2022-03-26,22,"No"
"LV105337_2",105337,"Vacation",2025-12-17,2025-12-21,5,"Yes"
"LV107833_1",107833,"Jury Duty",2025-07-16,2025-07-23,8,"Yes"
"LV108141_1",108141,"Sick Leave",2021-04-08,2021-04-09,2,"Yes"
"LV100332_1",100332,"Vacation",2024-01-16,2024-01-25,10,"Yes"
"LV103955_1",103955,"Sick Leave",2025-12-17,2025-12-17,1,"Yes"
"LV103993_1",103993,"Vacation",2023-05-24,2023-05-28,5,"Yes"
"LV104905_1",104905,"Sick Leave",2024-12-13,2024-12-16,4,"Yes"
"LV102023_1",102023,"Jury Duty",2022-07-27,2022-08-03,8,"Yes"
"LV102023_2",102023,"Vacation",2023-10-04,2023-10-06,3,"Yes"
"LV102796_1",102796,"Vacation",2022-12-30,2022-12-31,2,"Yes"
"LV106821_1",106821,"Medical Leave",2023-04-11,2023-05-10,30,"No"
"LV106821_2",106821,"Vacation",2025-09-21,2025-09-24,4,"Yes"
"LV100248_1",100248,"Vacation",2022-12-07,2022-12-14,8,"Yes"
"LV100248_2",100248,"Sick Leave",2024-04-11,2024-04-12,2,"Yes"
"LV108036_1",108036,"Sick Leave",2025-11-12,2025-11-16,5,"Yes"
"LV104791_1",104791,"Sick Leave",2023-04-22,2023-04-26,5,"Yes"
"LV104791_2",104791,"Parental Leave",2025-12-26,2026-02-15,52,"No"
"LV102434_1",102434,"Vacation",2025-10-29,2025-11-06,9,"Yes"
"LV106475_1",106475,"Parental Leave",2024-10-31,2024-12-25,56,"Yes"
"LV103227_1",103227,"Parental Leave",2023-09-15,2023-10-16,32,"Yes"
"LV105862_1",105862,"Jury Duty",2025-01-10,2025-01-12,3,"Yes"
"LV102752_1",102752,"Vacation",2025-05-15,2025-05-21,7,"Yes"
"LV102752_2",102752,"Jury Duty",2025-12-11,2025-12-17,7,"Yes"
"LV107139_1",107139,"Parental Leave",2025-07-29,2025-08-31,34,"Yes"
"LV104666_1",104666,"Sick Leave",2025-08-11,2025-08-12,2,"Yes"
"LV100015_1",100015,"Vacation",2025-11-15,2025-11-23,9,"Yes"
"LV109156_1",109156,"Sick Leave",2025-09-05,2025-09-08,4,"Yes"
"LV103516_1",103516,"Sick Leave",2025-10-28,2025-11-01,5,"Yes"
"LV102486_1",102486,"Vacation",2025-10-22,2025-10-23,2,"Yes"
"LV103832_1",103832,"Vacation",2026-01-01,2026-01-07,7,"Yes"
"LV108182_1",108182,"Sick Leave",2017-06-24,2017-06-27,4,"Yes"
"LV104675_1",104675,"Sick Leave",2019-09-19,2019-09-23,5,"Yes"
"LV100091_1",100091,"Sick Leave",2023-08-17,2023-08-19,3,"Yes"
"LV109742_1",109742,"Medical Leave",2022-06-08,2022-07-12,35,"Yes"
"LV109677_1",109677,"Vacation",2018-12-17,2018-12-19,3,"Yes"
"LV103728_1",103728,"Sick Leave",2017-02-13,2017-02-13,1,"Yes"
"LV104793_1",104793,"Sick Leave",2023-12-24,2023-12-28,5,"Yes"
"LV103311_1",103311,"Jury Duty",2020-12-19,2020-12-20,2,"Yes"
"LV105189_1",105189,"Medical Leave",2017-07-28,2017-08-07,11,"No"
"LV109279_1",109279,"Vacation",2017-10-02,2017-10-08,7,"Yes"
"LV109279_2",109279,"Sick Leave",2023-10-10,2023-10-10,1,"Yes"
"LV107823_1",107823,"Vacation",2016-03-30,2016-04-02,4,"Yes"
"LV101313_1",101313,"Medical Leave",2016-09-27,2016-11-01,36,"Yes"
"LV101313_2",101313,"Sick Leave",2017-07-05,2017-07-06,2,"Yes"
"LV100392_1",100392,"Sick Leave",2015-06-16,2015-06-17,2,"Yes"
"LV100392_2",100392,"Bereavement",2023-12-24,2023-12-27,4,"Yes"
"LV109096_1",109096,"Medical Leave",2023-02-10,2023-02-16,7,"Yes"
"LV105894_1",105894,"Jury Duty",2020-04-23,2020-04-27,5,"Yes"
"LV109683_1",109683,"Bereavement",2019-12-14,2019-12-18,5,"Yes"
"LV109302_1",109302,"Vacation",2024-10-25,2024-10-31,7,"Yes"
"LV109060_1",109060,"Sick Leave",2021-05-27,2021-05-29,3,"Yes"
"LV108188_1",108188,"Vacation",2023-11-15,2023-11-24,10,"Yes"
"LV101967_1",101967,"Vacation",2021-06-12,2021-06-13,2,"Yes"
"LV103876_1",103876,"Jury Duty",2025-11-15,2025-11-19,5,"Yes"
"LV105558_1",105558,"Sick Leave",2022-02-21,2022-02-25,5,"Yes"
"LV109531_1",109531,"Vacation",2025-01-19,2025-01-28,10,"Yes"
"LV107976_1",107976,"Parental Leave",2020-02-16,2020-03-07,21,"No"
"LV107976_2",107976,"Parental Leave",2026-01-23,2026-02-21,30,"Yes"
"LV109528_1",109528,"Vacation",2022-06-11,2022-06-12,2,"Yes"
"LV108798_1",108798,"Sick Leave",2022-04-18,2022-04-20,3,"Yes"
"LV108059_1",108059,"Vacation",2019-04-16,2019-04-21,6,"Yes"
"LV103223_1",103223,"Medical Leave",2020-01-16,2020-02-15,31,"Yes"
"LV101458_1",101458,"Jury Duty",2018-03-25,2018-03-29,5,"Yes"
"LV107249_1",107249,"Sick Leave",2021-10-25,2021-10-29,5,"Yes"
"LV101374_1",101374,"Sick Leave",2021-09-18,2021-09-19,2,"Yes"
"LV105531_1",105531,"Sick Leave",2023-05-11,2023-05-14,4,"Yes"
"LV102670_1",102670,"Bereavement",2019-06-06,2019-06-08,3,"Yes"
"LV102670_2",102670,"Vacation",2020-04-16,2020-04-25,10,"Yes"
"LV101465_1",101465,"Sick Leave",2019-03-15,2019-03-16,2,"Yes"
"LV107868_1",107868,"Bereavement",2020-01-22,2020-01-26,5,"Yes"
"LV109410_1",109410,"Parental Leave",2025-03-15,2025-05-05,52,"No"
"LV109297_1",109297,"Medical Leave",2021-09-20,2021-10-13,24,"No"
"LV109297_2",109297,"Sick Leave",2022-06-05,2022-06-05,1,"Yes"
"LV105701_1",105701,"Sick Leave",2021-02-20,2021-02-22,3,"Yes"
"LV104671_1",104671,"Sick Leave",2020-08-12,2020-08-13,2,"Yes"
"LV104452_1",104452,"Sick Leave",2025-04-06,2025-04-09,4,"Yes"
"LV101199_1",101199,"Vacation",2025-03-03,2025-03-07,5,"Yes"
"LV104647_1",104647,"Medical Leave",2025-05-02,2025-05-29,28,"Yes"
"LV107312_1",107312,"Vacation",2019-08-16,2019-08-20,5,"Yes"
"LV109339_1",109339,"Vacation",2023-02-28,2023-03-04,5,"Yes"
"LV100519_1",100519,"Sick Leave",2025-01-07,2025-01-07,1,"Yes"
"LV101815_1",101815,"Vacation",2019-09-18,2019-09-26,9,"Yes"
"LV100834_1",100834,"Medical Leave",2021-08-18,2021-09-19,33,"No"
"LV100834_2",100834,"Jury Duty",2025-08-28,2025-08-31,4,"Yes"
"LV107361_1",107361,"Vacation",2025-01-12,2025-01-20,9,"Yes"
"LV104417_1",104417,"Sick Leave",2024-01-24,2024-01-27,4,"Yes"
"LV100613_1",100613,"Vacation",2020-10-12,2020-10-21,10,"Yes"
"LV103737_1",103737,"Medical Leave",2025-04-10,2025-04-15,6,"Yes"
"LV107955_1",107955,"Vacation",2025-07-04,2025-07-10,7,"Yes"
"LV109817_1",109817,"Sick Leave",2023-07-30,2023-08-03,5,"Yes"
"LV100828_1",100828,"Bereavement",2025-03-12,2025-03-14,3,"Yes"
"LV107076_1",107076,"Vacation",2021-03-18,2021-03-27,10,"Yes"
"LV106780_1",106780,"Sick Leave",2021-08-29,2021-09-01,4,"Yes"
"LV101579_1",101579,"Sick Leave",2023-03-21,2023-03-21,1,"Yes"
"LV101579_2",101579,"Bereavement",2023-08-20,2023-08-22,3,"Yes"
"LV108676_1",108676,"Bereavement",2022-06-07,2022-06-11,5,"Yes"
"LV106583_1",106583,"Vacation",2025-12-21,2025-12-26,6,"Yes"
"LV100684_1",100684,"Vacation",2022-04-26,2022-04-30,5,"Yes"
"LV100684_2",100684,"Sick Leave",2023-06-06,2023-06-09,4,"Yes"
"LV104714_1",104714,"Sick Leave",2023-02-03,2023-02-04,2,"Yes"
"LV107415_1",107415,"Medical Leave",2025-09-07,2025-10-07,31,"No"
"LV101178_1",101178,"Sick Leave",2022-12-01,2022-12-02,2,"Yes"
"LV105960_1",105960,"Sick Leave",2025-03-05,2025-03-09,5,"Yes"
"LV104775_1",104775,"Vacation",2024-12-05,2024-12-13,9,"Yes"
"LV104379_1",104379,"Sick Leave",2026-01-19,2026-01-19,1,"Yes"
"LV106670_1",106670,"Medical Leave",2024-02-04,2024-03-13,39,"No"
"LV103834_1",103834,"Jury Duty",2024-05-19,2024-05-24,6,"Yes"
"LV108876_1",108876,"Vacation",2025-01-21,2025-01-22,2,"Yes"
"LV106331_1",106331,"Medical Leave",2025-11-04,2025-11-22,19,"Yes"
"LV109309_1",109309,"Vacation",2024-08-18,2024-08-22,5,"Yes"
"LV103213_1",103213,"Sick Leave",2025-03-08,2025-03-10,3,"Yes"
"LV105367_1",105367,"Sick Leave",2024-11-07,2024-11-09,3,"Yes"
"LV105367_2",105367,"Bereavement",2025-05-03,2025-05-06,4,"Yes"
"LV104436_1",104436,"Sick Leave",2024-12-11,2024-12-11,1,"Yes"
"LV104436_2",104436,"Jury Duty",2024-12-14,2024-12-21,8,"Yes"
"LV108053_1",108053,"Vacation",2025-06-21,2025-06-25,5,"Yes"
"LV109521_1",109521,"Bereavement",2025-04-06,2025-04-09,4,"Yes"
"LV103477_1",103477,"Sick Leave",2026-02-03,2026-02-04,2,"Yes"
"LV107007_1",107007,"Sick Leave",2025-12-11,2025-12-15,5,"Yes"
"LV105625_1",105625,"Medical Leave",2025-05-29,2025-07-06,39,"No"
"LV103880_1",103880,"Parental Leave",2024-12-20,2025-01-24,36,"Yes"
"LV104771_1",104771,"Sick Leave",2026-01-02,2026-01-04,3,"Yes"
"LV108263_1",108263,"Bereavement",2025-09-26,2025-09-29,4,"Yes"
"LV108263_2",108263,"Sick Leave",2025-10-30,2025-11-01,3,"Yes"
"LV100713_1",100713,"Medical Leave",2026-01-12,2026-02-01,21,"No"
"LV102649_1",102649,"Sick Leave",2026-01-16,2026-01-18,3,"Yes"
"LV102649_2",102649,"Jury Duty",2026-02-11,2026-02-14,4,"Yes"
"LV107217_1",107217,"Vacation",2026-01-10,2026-01-14,5,"Yes"
"LV102596_1",102596,"Parental Leave",2025-09-27,2025-10-23,27,"Yes"
"LV106384_1",106384,"Medical Leave",2025-03-16,2025-04-04,20,"No"
"LV109761_1",109761,"Medical Leave",2017-11-09,2017-11-26,18,"No"
"LV105380_1",105380,"Sick Leave",2016-04-13,2016-04-17,5,"Yes"
"LV107776_1",107776,"Sick Leave",2019-08-28,2019-08-28,1,"Yes"
"LV105490_1",105490,"Medical Leave",2019-08-31,2019-09-10,11,"Yes"
"LV106887_1",106887,"Sick Leave",2020-07-06,2020-07-10,5,"Yes"
"LV108196_1",108196,"Vacation",2018-03-22,2018-03-30,9,"Yes"
"LV103863_1",103863,"Vacation",2015-12-05,2015-12-12,8,"Yes"
"LV106255_1",106255,"Vacation",2025-10-28,2025-11-03,7,"Yes"
"LV101679_1",101679,"Sick Leave",2025-02-18,2025-02-20,3,"Yes"
"LV101498_1",101498,"Vacation",2019-01-01,2019-01-02,2,"Yes"
"LV107950_1",107950,"Sick Leave",2023-02-25,2023-02-27,3,"Yes"
"LV109943_1",109943,"Jury Duty",2020-05-21,2020-05-22,2,"Yes"
"LV108960_1",108960,"Vacation",2025-03-31,2025-04-08,9,"Yes"
"LV101077_1",101077,"Vacation",2021-06-08,2021-06-15,8,"Yes"
"LV103940_1",103940,"Sick Leave",2021-12-02,2021-12-03,2,"Yes"
"LV108437_1",108437,"Sick Leave",2019-12-11,2019-12-15,5,"Yes"
"LV108437_2",108437,"Jury Duty",2020-09-28,2020-09-30,3,"Yes"
"LV101781_1",101781,"Vacation",2017-11-23,2017-11-27,5,"Yes"
"LV101781_2",101781,"Vacation",2021-04-10,2021-04-12,3,"Yes"
"LV109077_1",109077,"Sick Leave",2025-01-25,2025-01-25,1,"Yes"
"LV107182_1",107182,"Medical Leave",2017-01-02,2017-01-12,11,"Yes"
"LV104515_1",104515,"Vacation",2021-11-18,2021-11-25,8,"Yes"
"LV102763_1",102763,"Parental Leave",2019-05-26,2019-07-12,48,"Yes"
"LV107615_1",107615,"Medical Leave",2025-02-06,2025-03-08,31,"No"
"LV106338_1",106338,"Sick Leave",2018-09-23,2018-09-27,5,"Yes"
"LV106338_2",106338,"Vacation",2021-08-06,2021-08-12,7,"Yes"
"LV108552_1",108552,"Vacation",2018-05-02,2018-05-05,4,"Yes"
"LV102566_1",102566,"Jury Duty",2018-03-23,2018-03-25,3,"Yes"
"LV106963_1",106963,"Vacation",2024-08-23,2024-08-30,8,"Yes"
"LV106963_2",106963,"Vacation",2025-04-03,2025-04-07,5,"Yes"
"LV102761_1",102761,"Vacation",2025-07-23,2025-07-27,5,"Yes"
"LV108486_1",108486,"Vacation",2020-04-08,2020-04-15,8,"Yes"
"LV107087_1",107087,"Medical Leave",2020-02-09,2020-02-20,12,"Yes"
"LV107087_2",107087,"Vacation",2021-08-08,2021-08-17,10,"Yes"
"LV108221_1",108221,"Sick Leave",2023-08-29,2023-09-01,4,"Yes"
"LV105684_1",105684,"Vacation",2018-12-13,2018-12-19,7,"Yes"
"LV101701_1",101701,"Sick Leave",2021-12-12,2021-12-16,5,"Yes"
"LV109380_1",109380,"Vacation",2021-08-14,2021-08-16,3,"Yes"
"LV107881_1",107881,"Vacation",2020-07-23,2020-08-01,10,"Yes"
"LV107763_1",107763,"Sick Leave",2022-10-27,2022-10-29,3,"Yes"
"LV109557_1",109557,"Sick Leave",2022-10-06,2022-10-07,2,"Yes"
"LV105024_1",105024,"Sick Leave",2020-10-17,2020-10-21,5,"Yes"
"LV104106_1",104106,"Medical Leave",2022-02-15,2022-03-10,24,"No"
"LV104106_2",104106,"Medical Leave",2022-05-17,2022-06-01,16,"Yes"
"LV101895_1",101895,"Bereavement",2021-08-30,2021-09-01,3,"Yes"
"LV105943_1",105943,"Parental Leave",2023-02-14,2023-03-25,40,"No"
"LV100908_1",100908,"Sick Leave",2023-08-20,2023-08-23,4,"Yes"
"LV103181_1",103181,"Parental Leave",2023-11-17,2024-01-05,50,"No"
"LV103616_1",103616,"Sick Leave",2025-03-26,2025-03-29,4,"Yes"
"LV107609_1",107609,"Sick Leave",2021-05-10,2021-05-12,3,"Yes"
"LV107785_1",107785,"Vacation",2021-03-21,2021-03-25,5,"Yes"
"LV101755_1",101755,"Sick Leave",2025-12-12,2025-12-13,2,"Yes"
"LV100753_1",100753,"Sick Leave",2024-07-07,2024-07-11,5,"Yes"
"LV104673_1",104673,"Vacation",2022-08-29,2022-09-02,5,"Yes"
"LV108294_1",108294,"Vacation",2025-05-14,2025-05-15,2,"Yes"
"LV103946_1",103946,"Vacation",2024-07-18,2024-07-26,9,"Yes"
"LV102308_1",102308,"Medical Leave",2022-03-02,2022-04-06,36,"Yes"
"LV109703_1",109703,"Bereavement",2023-09-11,2023-09-12,2,"Yes"
"LV109703_2",109703,"Jury Duty",2025-01-04,2025-01-10,7,"Yes"
"LV103512_1",103512,"Vacation",2024-12-27,2024-12-31,5,"Yes"
"LV106813_1",106813,"Vacation",2023-07-08,2023-07-10,3,"Yes"
"LV108162_1",108162,"Vacation",2023-04-28,2023-05-05,8,"Yes"
"LV101790_1",101790,"Parental Leave",2025-05-06,2025-06-22,48,"Yes"
"LV105414_1",105414,"Vacation",2024-10-18,2024-10-26,9,"Yes"
"LV101026_1",101026,"Vacation",2023-08-12,2023-08-14,3,"Yes"
"LV101026_2",101026,"Vacation",2026-01-19,2026-01-28,10,"Yes"
"LV101057_1",101057,"Vacation",2022-08-14,2022-08-15,2,"Yes"
"LV101057_2",101057,"Sick Leave",2025-06-20,2025-06-23,4,"Yes"
"LV107346_1",107346,"Sick Leave",2022-09-14,2022-09-18,5,"Yes"
"LV107392_1",107392,"Sick Leave",2024-07-14,2024-07-15,2,"Yes"
"LV101742_1",101742,"Vacation",2023-09-26,2023-09-28,3,"Yes"
"LV101915_1",101915,"Vacation",2023-06-16,2023-06-20,5,"Yes"
"LV104460_1",104460,"Sick Leave",2025-08-03,2025-08-04,2,"Yes"
"LV108490_1",108490,"Vacation",2024-01-15,2024-01-19,5,"Yes"
"LV101083_1",101083,"Vacation",2023-08-09,2023-08-11,3,"Yes"
"LV108859_1",108859,"Sick Leave",2023-07-24,2023-07-26,3,"Yes"
"LV108859_2",108859,"Vacation",2025-02-03,2025-02-07,5,"Yes"
"LV102068_1",102068,"Vacation",2024-07-17,2024-07-20,4,"Yes"
"LV102068_2",102068,"Medical Leave",2025-08-21,2025-08-29,9,"Yes"
"LV100261_1",100261,"Sick Leave",2024-12-28,2024-12-28,1,"Yes"
"LV103336_1",103336,"Vacation",2025-05-27,2025-05-30,4,"Yes"
"LV100487_1",100487,"Medical Leave",2025-12-26,2026-01-22,28,"No"
"LV107594_1",107594,"Vacation",2024-07-31,2024-08-08,9,"Yes"
"LV103463_1",103463,"Sick Leave",2025-09-17,2025-09-19,3,"Yes"
"LV100178_1",100178,"Vacation",2025-07-27,2025-08-04,9,"Yes"
"LV106157_1",106157,"Vacation",2025-09-15,2025-09-17,3,"Yes"
"LV101724_1",101724,"Parental Leave",2025-03-25,2025-04-16,23,"No"
"LV104833_1",104833,"Parental Leave",2025-05-28,2025-07-09,43,"Yes"
"LV102896_1",102896,"Vacation",2024-11-04,2024-11-07,4,"Yes"
"LV108443_1",108443,"Vacation",2025-04-27,2025-04-29,3,"Yes"
"LV100229_1",100229,"Medical Leave",2025-11-18,2025-12-21,34,"No"
"LV104758_1",104758,"Medical Leave",2025-04-21,2025-05-04,14,"No"
"LV100424_1",100424,"Vacation",2026-01-31,2026-02-04,5,"Yes"
"LV104282_1",104282,"Vacation",2026-01-05,2026-01-12,8,"Yes"
"LV105563_1",105563,"Vacation",2026-01-27,2026-02-03,8,"Yes"
