"PromotionEventID","EmployeeID","PromotionDate","PriorJobLevel","NewJobLevel","PromotionType"
"P104175_1",104175,2023-12-06,4,5,"Promotion"
"P104175_2",104175,2024-10-24,4,5,"In-Level Progression"
"P102598_1",102598,2019-10-26,4,5,"Promotion"
"P103375_1",103375,2024-02-11,4,5,"In-Level Progression"
"P105076_1",105076,2021-12-11,4,5,"In-Level Progression"
"P107561_1",107561,2018-05-31,4,5,"Promotion"
"P103923_1",103923,2019-03-03,4,5,"In-Level Progression"
"P103667_1",103667,2022-02-02,4,5,"Promotion"
"P102864_1",102864,2021-03-31,4,5,"Promotion"
"P107354_1",107354,2025-06-06,4,5,"Promotion"
"P105642_1",105642,2023-06-12,4,5,"Promotion"
"P105158_1",105158,2025-08-17,4,5,"In-Level Progression"
"P107273_1",107273,2022-08-26,4,5,"In-Level Progression"
"P107273_2",107273,2025-05-18,4,5,"In-Level Progression"
"P109956_1",109956,2025-01-14,4,5,"In-Level Progression"
"P109956_2",109956,2025-06-03,4,5,"In-Level Progression"
"P101167_1",101167,2022-06-23,4,5,"Promotion"
"P101543_1",101543,2017-06-11,4,5,"In-Level Progression"
"P101543_2",101543,2020-07-03,4,5,"Promotion"
"P109313_1",109313,2018-08-08,4,5,"In-Level Progression"
"P105983_1",105983,2019-10-03,4,5,"In-Level Progression"
"P105983_2",105983,2020-03-19,4,5,"In-Level Progression"
"P108919_1",108919,2024-08-19,4,5,"Promotion"
"P107693_1",107693,2021-09-11,4,5,"Promotion"
"P101217_1",101217,2024-12-27,4,5,"Promotion"
"P102294_1",102294,2024-04-17,4,5,"Promotion"
"P104470_1",104470,2024-07-04,4,5,"Promotion"
"P102980_1",102980,2024-04-20,4,5,"Promotion"
"P107512_1",107512,2024-11-09,4,5,"Promotion"
"P103551_1",103551,2025-08-21,4,5,"Promotion"
"P106262_1",106262,2025-08-29,4,5,"Promotion"
"P101226_1",101226,2025-12-22,4,5,"Promotion"
"P102535_1",102535,2018-11-12,3,4,"Promotion"
"P101003_1",101003,2019-08-13,3,4,"In-Level Progression"
"P106326_1",106326,2021-07-02,3,4,"Promotion"
"P102315_1",102315,2024-05-28,3,4,"In-Level Progression"
"P102483_1",102483,2022-06-01,3,4,"Promotion"
"P100295_1",100295,2018-12-10,3,4,"Promotion"
"P108012_1",108012,2019-01-24,3,4,"Promotion"
"P108898_1",108898,2019-01-18,3,4,"Promotion"
"P100594_1",100594,2022-05-19,3,4,"Promotion"
"P100594_2",100594,2025-10-12,3,4,"Promotion"
"P109355_1",109355,2021-09-21,3,4,"Promotion"
"P101467_1",101467,2016-10-12,3,4,"Promotion"
"P101627_1",101627,2016-07-13,3,4,"In-Level Progression"
"P104374_1",104374,2025-10-07,3,4,"Promotion"
"P100802_1",100802,2022-02-06,3,4,"Promotion"
"P107194_1",107194,2021-01-11,3,4,"Promotion"
"P100945_1",100945,2022-03-19,3,4,"In-Level Progression"
"P103348_1",103348,2023-11-25,3,4,"Promotion"
"P101278_1",101278,2020-06-05,3,4,"Promotion"
"P101278_2",101278,2021-04-06,3,4,"Promotion"
"P102520_1",102520,2020-11-17,3,4,"Promotion"
"P109701_1",109701,2023-09-10,3,4,"Promotion"
"P103448_1",103448,2019-04-03,3,4,"Promotion"
"P107384_1",107384,2024-01-17,3,4,"Promotion"
"P109998_1",109998,2022-06-22,3,4,"Promotion"
"P103484_1",103484,2019-05-11,3,4,"Promotion"
"P109425_1",109425,2022-06-30,3,4,"Promotion"
"P109042_1",109042,2018-10-13,3,4,"In-Level Progression"
"P108351_1",108351,2019-07-22,3,4,"In-Level Progression"
"P108351_2",108351,2019-12-02,3,4,"In-Level Progression"
"P100100_1",100100,2020-03-14,3,4,"Promotion"
"P100245_1",100245,2019-05-03,3,4,"In-Level Progression"
"P104626_1",104626,2020-10-11,3,4,"Promotion"
"P104626_2",104626,2024-09-07,3,4,"Promotion"
"P105496_1",105496,2020-07-25,3,4,"In-Level Progression"
"P107548_1",107548,2023-09-27,3,4,"Promotion"
"P102816_1",102816,2021-12-19,3,4,"Promotion"
"P104160_1",104160,2021-10-15,3,4,"In-Level Progression"
"P100988_1",100988,2020-01-17,3,4,"In-Level Progression"
"P107829_1",107829,2020-09-10,3,4,"Promotion"
"P102577_1",102577,2020-08-09,3,4,"Promotion"
"P102577_2",102577,2025-09-04,3,4,"In-Level Progression"
"P109340_1",109340,2021-05-20,3,4,"Promotion"
"P107895_1",107895,2022-03-29,3,4,"Promotion"
"P102224_1",102224,2021-04-01,3,4,"In-Level Progression"
"P108868_1",108868,2021-11-13,3,4,"Promotion"
"P104162_1",104162,2022-11-10,3,4,"Promotion"
"P108866_1",108866,2023-10-19,3,4,"Promotion"
"P105041_1",105041,2022-11-24,3,4,"Promotion"
"P103198_1",103198,2022-12-04,3,4,"In-Level Progression"
"P108049_1",108049,2025-08-05,3,4,"Promotion"
"P107692_1",107692,2023-08-19,3,4,"Promotion"
"P103836_1",103836,2022-09-09,3,4,"Promotion"
"P104438_1",104438,2023-03-19,3,4,"Promotion"
"P109003_1",109003,2022-09-07,3,4,"In-Level Progression"
"P104187_1",104187,2023-03-26,3,4,"Promotion"
"P100073_1",100073,2024-02-24,3,4,"Promotion"
"P104364_1",104364,2025-03-31,3,4,"Promotion"
"P104364_2",104364,2025-12-18,3,4,"Promotion"
"P103327_1",103327,2025-11-17,3,4,"Promotion"
"P108619_1",108619,2025-04-28,3,4,"Promotion"
"P106717_1",106717,2025-03-10,3,4,"Promotion"
"P101420_1",101420,2025-04-15,3,4,"Promotion"
"P100960_1",100960,2024-08-29,3,4,"Promotion"
"P100960_2",100960,2025-10-13,3,4,"In-Level Progression"
"P101812_1",101812,2025-03-27,3,4,"Promotion"
"P103995_1",103995,2025-04-29,3,4,"Promotion"
"P105737_1",105737,2024-09-26,3,4,"In-Level Progression"
"P106794_1",106794,2024-07-04,3,4,"In-Level Progression"
"P104210_1",104210,2025-05-02,3,4,"Promotion"
"P103245_1",103245,2025-02-23,3,4,"Promotion"
"P101805_1",101805,2024-12-22,3,4,"Promotion"
"P109153_1",109153,2024-12-08,3,4,"Promotion"
"P109153_2",109153,2025-09-29,3,4,"Promotion"
"P102985_1",102985,2025-10-26,3,4,"Promotion"
"P105256_1",105256,2025-11-17,3,4,"Promotion"
"P105256_2",105256,2025-11-19,3,4,"Promotion"
"P101321_1",101321,2015-03-02,3,4,"In-Level Progression"
"P100358_1",100358,2024-09-12,3,4,"In-Level Progression"
"P102832_1",102832,2017-09-01,3,4,"In-Level Progression"
"P102832_2",102832,2022-01-30,3,4,"In-Level Progression"
"P101121_1",101121,2020-08-24,3,4,"Promotion"
"P104011_1",104011,2025-05-06,3,4,"Promotion"
"P100259_1",100259,2023-01-17,3,4,"Promotion"
"P100259_2",100259,2023-02-15,3,4,"In-Level Progression"
"P102542_1",102542,2025-10-05,3,4,"Promotion"
"P106708_1",106708,2023-08-15,3,4,"In-Level Progression"
"P102311_1",102311,2021-03-27,3,4,"In-Level Progression"
"P102311_2",102311,2025-04-15,3,4,"In-Level Progression"
"P104718_1",104718,2021-03-04,3,4,"Promotion"
"P103715_1",103715,2025-12-01,3,4,"Promotion"
"P104911_1",104911,2022-10-25,3,4,"Promotion"
"P108579_1",108579,2024-12-11,3,4,"Promotion"
"P104039_1",104039,2024-07-22,3,4,"Promotion"
"P108719_1",108719,2025-05-08,3,4,"Promotion"
"P103627_1",103627,2023-10-11,3,4,"In-Level Progression"
"P103627_2",103627,2024-10-20,3,4,"In-Level Progression"
"P100021_1",100021,2025-08-16,3,4,"Promotion"
"P100889_1",100889,2024-07-10,3,4,"Promotion"
"P106852_1",106852,2025-06-04,3,4,"In-Level Progression"
"P106930_1",106930,2025-03-12,3,4,"Promotion"
"P103528_1",103528,2025-07-03,3,4,"Promotion"
"P102169_1",102169,2025-10-28,3,4,"Promotion"
"P103829_1",103829,2025-12-03,3,4,"In-Level Progression"
"P100382_1",100382,2016-08-13,3,4,"Promotion"
"P100720_1",100720,2018-04-20,3,4,"Promotion"
"P104086_1",104086,2019-09-02,3,4,"Promotion"
"P109693_1",109693,2018-12-02,3,4,"In-Level Progression"
"P101505_1",101505,2018-09-26,3,4,"In-Level Progression"
"P104019_1",104019,2022-03-03,3,4,"In-Level Progression"
"P108806_1",108806,2021-12-22,3,4,"Promotion"
"P103190_1",103190,2025-09-21,3,4,"Promotion"
"P104993_1",104993,2021-08-18,3,4,"Promotion"
"P108874_1",108874,2021-06-14,3,4,"Promotion"
"P103266_1",103266,2024-07-08,3,4,"In-Level Progression"
"P103432_1",103432,2024-07-06,3,4,"Promotion"
"P104320_1",104320,2023-11-19,3,4,"Promotion"
"P103823_1",103823,2022-09-11,3,4,"Promotion"
"P104637_1",104637,2025-11-24,3,4,"Promotion"
"P109807_1",109807,2025-12-28,3,4,"Promotion"
"P105151_1",105151,2025-12-23,3,4,"Promotion"
"P109707_1",109707,2025-06-20,3,4,"Promotion"
"P105507_1",105507,2025-07-29,3,4,"Promotion"
"P108704_1",108704,2025-04-25,3,4,"In-Level Progression"
"P108704_2",108704,2026-01-10,3,4,"In-Level Progression"
"P105954_1",105954,2025-12-29,3,4,"In-Level Progression"
"P105954_2",105954,2026-01-04,3,4,"Promotion"
"P102453_1",102453,2024-04-08,3,4,"Promotion"
"P101040_1",101040,2021-03-09,3,4,"Promotion"
"P106455_1",106455,2017-05-25,3,4,"Promotion"
"P105997_1",105997,2021-08-12,3,4,"In-Level Progression"
"P107592_1",107592,2025-12-12,3,4,"Promotion"
"P107927_1",107927,2024-03-02,3,4,"In-Level Progression"
"P101385_1",101385,2026-01-12,3,4,"Promotion"
"P108972_1",108972,2024-05-27,3,4,"Promotion"
"P100482_1",100482,2022-12-12,3,4,"Promotion"
"P100482_2",100482,2023-07-17,3,4,"In-Level Progression"
"P102041_1",102041,2024-07-20,3,4,"In-Level Progression"
"P104313_1",104313,2022-09-06,3,4,"Promotion"
"P104890_1",104890,2025-02-16,3,4,"Promotion"
"P107351_1",107351,2025-08-10,3,4,"In-Level Progression"
"P104030_1",104030,2023-06-05,3,4,"Promotion"
"P103263_1",103263,2025-12-31,3,4,"Promotion"
"P103125_1",103125,2026-01-29,3,4,"Promotion"
"P105481_1",105481,2024-01-01,3,4,"Promotion"
"P104243_1",104243,2025-01-27,3,4,"Promotion"
"P102350_1",102350,2025-10-31,3,4,"Promotion"
"P109349_1",109349,2024-03-30,3,4,"Promotion"
"P101461_1",101461,2018-05-03,3,4,"In-Level Progression"
"P109695_1",109695,2023-03-20,3,4,"Promotion"
"P105835_1",105835,2024-08-28,3,4,"Promotion"
"P101020_1",101020,2020-01-06,3,4,"Promotion"
"P102283_1",102283,2022-08-24,3,4,"Promotion"
"P106106_1",106106,2018-04-26,3,4,"In-Level Progression"
"P108979_1",108979,2026-01-22,3,4,"Promotion"
"P109908_1",109908,2022-01-30,3,4,"In-Level Progression"
"P102516_1",102516,2022-03-25,3,4,"Promotion"
"P109413_1",109413,2024-11-26,3,4,"Promotion"
"P108742_1",108742,2023-11-18,3,4,"Promotion"
"P106133_1",106133,2019-05-08,3,4,"In-Level Progression"
"P106133_2",106133,2022-11-05,3,4,"In-Level Progression"
"P107440_1",107440,2024-10-25,3,4,"Promotion"
"P109378_1",109378,2014-10-18,3,4,"Promotion"
"P109378_2",109378,2016-04-03,3,4,"In-Level Progression"
"P105483_1",105483,2020-10-20,3,4,"Promotion"
"P108668_1",108668,2020-02-22,3,4,"Promotion"
"P108142_1",108142,2020-04-13,3,4,"In-Level Progression"
"P102753_1",102753,2024-03-20,3,4,"Promotion"
"P105082_1",105082,2017-02-07,3,4,"Promotion"
"P108834_1",108834,2021-12-31,3,4,"In-Level Progression"
"P106960_1",106960,2022-12-19,3,4,"Promotion"
"P101754_1",101754,2018-04-09,3,4,"Promotion"
"P106604_1",106604,2019-04-23,3,4,"Promotion"
"P106292_1",106292,2025-05-10,3,4,"In-Level Progression"
"P102387_1",102387,2022-05-20,3,4,"Promotion"
"P101852_1",101852,2022-06-02,3,4,"In-Level Progression"
"P102895_1",102895,2020-03-24,3,4,"Promotion"
"P109541_1",109541,2021-04-26,3,4,"Promotion"
"P100846_1",100846,2021-08-27,3,4,"In-Level Progression"
"P102275_1",102275,2023-03-06,3,4,"Promotion"
"P104996_1",104996,2025-03-26,3,4,"Promotion"
"P108438_1",108438,2024-07-03,3,4,"Promotion"
"P104391_1",104391,2023-12-05,3,4,"Promotion"
"P100250_1",100250,2022-08-24,3,4,"Promotion"
"P105472_1",105472,2021-10-21,3,4,"Promotion"
"P100044_1",100044,2025-04-22,3,4,"Promotion"
"P103250_1",103250,2024-01-24,3,4,"In-Level Progression"
"P109728_1",109728,2023-05-09,3,4,"In-Level Progression"
"P102083_1",102083,2024-10-04,3,4,"Promotion"
"P109746_1",109746,2023-08-28,3,4,"Promotion"
"P109739_1",109739,2023-11-11,3,4,"Promotion"
"P104764_1",104764,2024-09-20,3,4,"In-Level Progression"
"P101215_1",101215,2024-02-23,3,4,"Promotion"
"P105291_1",105291,2024-11-10,3,4,"Promotion"
"P101055_1",101055,2025-05-09,3,4,"Promotion"
"P101531_1",101531,2025-10-26,3,4,"Promotion"
"P109680_1",109680,2025-07-16,3,4,"Promotion"
"P107242_1",107242,2025-04-16,3,4,"Promotion"
"P106850_1",106850,2024-11-02,3,4,"In-Level Progression"
"P106850_2",106850,2025-11-17,3,4,"In-Level Progression"
"P103260_1",103260,2024-11-23,3,4,"Promotion"
"P109447_1",109447,2025-07-22,3,4,"Promotion"
"P109447_2",109447,2025-09-04,3,4,"Promotion"
"P107350_1",107350,2025-07-12,3,4,"Promotion"
"P105447_1",105447,2025-12-16,3,4,"Promotion"
"P105409_1",105409,2025-06-15,3,4,"Promotion"
"P107730_1",107730,2026-01-24,3,4,"In-Level Progression"
"P100475_1",100475,2014-04-25,3,4,"Promotion"
"P100475_2",100475,2018-02-05,3,4,"Promotion"
"P101319_1",101319,2020-08-28,3,4,"Promotion"
"P105670_1",105670,2021-05-29,3,4,"Promotion"
"P108997_1",108997,2020-11-15,3,4,"Promotion"
"P107751_1",107751,2022-05-23,3,4,"Promotion"
"P100090_1",100090,2018-06-02,3,4,"In-Level Progression"
"P103224_1",103224,2017-01-21,3,4,"In-Level Progression"
"P109402_1",109402,2015-10-07,3,4,"In-Level Progression"
"P109774_1",109774,2018-09-27,3,4,"In-Level Progression"
"P108613_1",108613,2025-09-26,3,4,"In-Level Progression"
"P108936_1",108936,2018-10-31,3,4,"Promotion"
"P109375_1",109375,2021-11-29,3,4,"Promotion"
"P108262_1",108262,2017-07-12,3,4,"Promotion"
"P108262_2",108262,2024-07-06,3,4,"In-Level Progression"
"P102801_1",102801,2022-05-30,3,4,"Promotion"
"P100088_1",100088,2020-09-15,3,4,"Promotion"
"P109321_1",109321,2017-03-25,3,4,"Promotion"
"P107581_1",107581,2023-07-31,3,4,"Promotion"
"P109694_1",109694,2021-05-14,3,4,"Promotion"
"P103637_1",103637,2019-06-20,3,4,"Promotion"
"P106768_1",106768,2025-10-18,3,4,"Promotion"
"P101363_1",101363,2021-10-08,3,4,"Promotion"
"P103867_1",103867,2019-09-06,3,4,"Promotion"
"P102630_1",102630,2025-03-31,3,4,"Promotion"
"P103301_1",103301,2020-02-08,3,4,"Promotion"
"P104708_1",104708,2024-08-07,3,4,"Promotion"
"P102047_1",102047,2020-04-30,3,4,"In-Level Progression"
"P104777_1",104777,2024-12-15,3,4,"In-Level Progression"
"P106965_1",106965,2020-04-15,3,4,"Promotion"
"P102954_1",102954,2020-05-11,3,4,"In-Level Progression"
"P102583_1",102583,2022-08-25,3,4,"In-Level Progression"
"P103748_1",103748,2020-06-11,3,4,"Promotion"
"P109995_1",109995,2022-12-31,3,4,"Promotion"
"P105816_1",105816,2020-12-26,3,4,"Promotion"
"P101797_1",101797,2025-01-02,3,4,"Promotion"
"P109589_1",109589,2020-07-16,3,4,"In-Level Progression"
"P105643_1",105643,2020-10-18,3,4,"In-Level Progression"
"P109052_1",109052,2025-05-01,3,4,"Promotion"
"P108488_1",108488,2023-06-24,3,4,"In-Level Progression"
"P106609_1",106609,2021-11-29,3,4,"In-Level Progression"
"P100642_1",100642,2022-06-26,3,4,"Promotion"
"P105125_1",105125,2022-09-04,3,4,"In-Level Progression"
"P105125_2",105125,2026-01-21,3,4,"Promotion"
"P105843_1",105843,2023-06-01,3,4,"In-Level Progression"
"P104739_1",104739,2022-08-22,3,4,"Promotion"
"P109209_1",109209,2024-09-07,3,4,"Promotion"
"P109032_1",109032,2023-10-30,3,4,"In-Level Progression"
"P100983_1",100983,2023-01-03,3,4,"In-Level Progression"
"P105060_1",105060,2024-04-27,3,4,"Promotion"
"P100497_1",100497,2022-05-22,3,4,"Promotion"
"P109922_1",109922,2024-08-29,3,4,"Promotion"
"P107714_1",107714,2023-01-01,3,4,"Promotion"
"P107714_2",107714,2025-02-21,3,4,"Promotion"
"P108826_1",108826,2024-10-05,3,4,"In-Level Progression"
"P100531_1",100531,2024-09-24,3,4,"Promotion"
"P107478_1",107478,2024-03-09,3,4,"In-Level Progression"
"P106757_1",106757,2024-12-05,3,4,"In-Level Progression"
"P108555_1",108555,2025-02-26,3,4,"Promotion"
"P104633_1",104633,2025-05-22,3,4,"Promotion"
"P104488_1",104488,2025-10-29,3,4,"In-Level Progression"
"P100149_1",100149,2024-10-09,3,4,"Promotion"
"P104609_1",104609,2024-10-07,3,4,"In-Level Progression"
"P104609_2",104609,2025-09-19,3,4,"In-Level Progression"
"P109161_1",109161,2025-01-24,3,4,"Promotion"
"P104328_1",104328,2025-11-08,3,4,"Promotion"
"P106996_1",106996,2025-10-16,3,4,"Promotion"
"P106996_2",106996,2025-11-07,3,4,"In-Level Progression"
"P102955_1",102955,2017-03-10,3,4,"Promotion"
"P109745_1",109745,2024-06-12,3,4,"In-Level Progression"
"P100001_1",100001,2024-10-19,2,3,"In-Level Progression"
"P108687_1",108687,2015-01-31,2,3,"Promotion"
"P108687_2",108687,2022-11-20,2,3,"Promotion"
"P109968_1",109968,2023-06-11,2,3,"In-Level Progression"
"P104754_1",104754,2017-09-14,2,3,"Promotion"
"P104754_2",104754,2021-01-18,2,3,"In-Level Progression"
"P107174_1",107174,2016-02-11,2,3,"Promotion"
"P106956_1",106956,2022-04-12,2,3,"Promotion"
"P107914_1",107914,2015-12-14,2,3,"In-Level Progression"
"P106188_1",106188,2018-09-30,2,3,"Promotion"
"P100465_1",100465,2021-04-16,2,3,"Promotion"
"P100974_1",100974,2015-06-06,2,3,"Promotion"
"P103782_1",103782,2014-11-22,2,3,"Promotion"
"P104331_1",104331,2015-07-20,2,3,"Promotion"
"P103961_1",103961,2018-08-25,2,3,"In-Level Progression"
"P108941_1",108941,2020-06-26,2,3,"Promotion"
"P107904_1",107904,2016-06-13,2,3,"Promotion"
"P104730_1",104730,2021-09-05,2,3,"In-Level Progression"
"P104730_2",104730,2024-09-27,2,3,"Promotion"
"P105620_1",105620,2016-08-19,2,3,"Promotion"
"P105119_1",105119,2020-11-12,2,3,"Promotion"
"P105491_1",105491,2017-03-13,2,3,"In-Level Progression"
"P103838_1",103838,2022-06-30,2,3,"In-Level Progression"
"P103838_2",103838,2024-03-12,2,3,"Promotion"
"P109110_1",109110,2023-05-10,2,3,"In-Level Progression"
"P103628_1",103628,2018-07-31,2,3,"Promotion"
"P101714_1",101714,2025-04-14,2,3,"Promotion"
"P103735_1",103735,2019-01-17,2,3,"In-Level Progression"
"P103735_2",103735,2020-10-10,2,3,"Promotion"
"P105632_1",105632,2021-01-20,2,3,"Promotion"
"P105632_2",105632,2025-01-04,2,3,"In-Level Progression"
"P106647_1",106647,2017-04-22,2,3,"Promotion"
"P105054_1",105054,2020-11-07,2,3,"Promotion"
"P102099_1",102099,2021-08-24,2,3,"Promotion"
"P101386_1",101386,2024-03-15,2,3,"Promotion"
"P101439_1",101439,2019-10-22,2,3,"Promotion"
"P105259_1",105259,2022-12-12,2,3,"Promotion"
"P105947_1",105947,2022-06-12,2,3,"In-Level Progression"
"P103254_1",103254,2024-07-18,2,3,"Promotion"
"P109240_1",109240,2017-11-18,2,3,"In-Level Progression"
"P109927_1",109927,2023-07-29,2,3,"Promotion"
"P108295_1",108295,2022-04-05,2,3,"Promotion"
"P106876_1",106876,2023-01-14,2,3,"Promotion"
"P107348_1",107348,2024-03-14,2,3,"Promotion"
"P105420_1",105420,2022-06-23,2,3,"Promotion"
"P101069_1",101069,2024-07-15,2,3,"Promotion"
"P101800_1",101800,2021-07-13,2,3,"Promotion"
"P105407_1",105407,2020-03-01,2,3,"In-Level Progression"
"P103781_1",103781,2025-04-06,2,3,"Promotion"
"P102756_1",102756,2021-09-06,2,3,"Promotion"
"P108312_1",108312,2025-07-07,2,3,"Promotion"
"P102876_1",102876,2021-04-18,2,3,"Promotion"
"P104157_1",104157,2022-04-12,2,3,"Promotion"
"P106939_1",106939,2020-12-31,2,3,"In-Level Progression"
"P107986_1",107986,2024-01-10,2,3,"In-Level Progression"
"P107975_1",107975,2022-02-22,2,3,"In-Level Progression"
"P102161_1",102161,2021-10-13,2,3,"Promotion"
"P103565_1",103565,2023-07-19,2,3,"In-Level Progression"
"P108136_1",108136,2024-09-27,2,3,"Promotion"
"P104033_1",104033,2025-03-25,2,3,"Promotion"
"P100083_1",100083,2025-07-26,2,3,"Promotion"
"P109199_1",109199,2023-03-09,2,3,"Promotion"
"P103517_1",103517,2022-04-11,2,3,"Promotion"
"P108436_1",108436,2023-03-18,2,3,"Promotion"
"P106599_1",106599,2023-06-10,2,3,"In-Level Progression"
"P109826_1",109826,2025-02-09,2,3,"Promotion"
"P107046_1",107046,2025-09-19,2,3,"Promotion"
"P109437_1",109437,2024-08-11,2,3,"In-Level Progression"
"P109437_2",109437,2025-10-18,2,3,"In-Level Progression"
"P103158_1",103158,2024-10-18,2,3,"In-Level Progression"
"P105810_1",105810,2023-11-02,2,3,"Promotion"
"P101327_1",101327,2022-02-20,2,3,"Promotion"
"P102617_1",102617,2025-09-12,2,3,"In-Level Progression"
"P109597_1",109597,2023-11-06,2,3,"Promotion"
"P105571_1",105571,2025-10-30,2,3,"Promotion"
"P107024_1",107024,2023-04-12,2,3,"Promotion"
"P107024_2",107024,2023-11-23,2,3,"Promotion"
"P105831_1",105831,2023-04-03,2,3,"Promotion"
"P105831_2",105831,2024-11-18,2,3,"In-Level Progression"
"P106517_1",106517,2024-01-14,2,3,"In-Level Progression"
"P100678_1",100678,2025-04-19,2,3,"Promotion"
"P105052_1",105052,2025-06-03,2,3,"Promotion"
"P102949_1",102949,2023-11-10,2,3,"Promotion"
"P102949_2",102949,2026-01-08,2,3,"Promotion"
"P105217_1",105217,2025-04-02,2,3,"Promotion"
"P104074_1",104074,2023-12-31,2,3,"Promotion"
"P104074_2",104074,2024-09-24,2,3,"Promotion"
"P101180_1",101180,2025-11-02,2,3,"In-Level Progression"
"P103092_1",103092,2024-12-10,2,3,"Promotion"
"P104653_1",104653,2025-11-05,2,3,"In-Level Progression"
"P108241_1",108241,2025-12-14,2,3,"Promotion"
"P102278_1",102278,2024-03-04,2,3,"Promotion"
"P101846_1",101846,2025-01-04,2,3,"Promotion"
"P101846_2",101846,2025-10-16,2,3,"In-Level Progression"
"P105202_1",105202,2025-03-09,2,3,"Promotion"
"P103808_1",103808,2025-04-30,2,3,"Promotion"
"P104321_1",104321,2024-11-21,2,3,"Promotion"
"P109465_1",109465,2025-12-12,2,3,"In-Level Progression"
"P105487_1",105487,2025-02-18,2,3,"Promotion"
"P100117_1",100117,2025-05-03,2,3,"In-Level Progression"
"P100117_2",100117,2025-09-21,2,3,"In-Level Progression"
"P104444_1",104444,2025-08-03,2,3,"Promotion"
"P103219_1",103219,2025-10-10,2,3,"In-Level Progression"
"P105566_1",105566,2025-12-05,2,3,"Promotion"
"P105566_2",105566,2026-01-26,2,3,"Promotion"
"P108179_1",108179,2025-10-10,2,3,"In-Level Progression"
"P107270_1",107270,2016-07-13,2,3,"Promotion"
"P107270_2",107270,2019-01-11,2,3,"Promotion"
"P101609_1",101609,2017-02-03,2,3,"In-Level Progression"
"P105029_1",105029,2018-03-13,2,3,"In-Level Progression"
"P107146_1",107146,2016-07-14,2,3,"In-Level Progression"
"P109467_1",109467,2016-08-25,2,3,"Promotion"
"P100376_1",100376,2016-04-18,2,3,"Promotion"
"P103306_1",103306,2014-10-02,2,3,"Promotion"
"P103275_1",103275,2022-08-11,2,3,"Promotion"
"P105065_1",105065,2016-04-13,2,3,"Promotion"
"P104622_1",104622,2019-10-02,2,3,"In-Level Progression"
"P109454_1",109454,2024-07-05,2,3,"Promotion"
"P102952_1",102952,2025-01-15,2,3,"Promotion"
"P103168_1",103168,2020-09-24,2,3,"In-Level Progression"
"P101230_1",101230,2020-09-05,2,3,"Promotion"
"P108634_1",108634,2020-09-12,2,3,"Promotion"
"P104870_1",104870,2018-12-16,2,3,"Promotion"
"P104870_2",104870,2024-11-17,2,3,"In-Level Progression"
"P105748_1",105748,2020-02-25,2,3,"Promotion"
"P102563_1",102563,2021-09-24,2,3,"Promotion"
"P107388_1",107388,2019-02-21,2,3,"Promotion"
"P107388_2",107388,2023-02-17,2,3,"Promotion"
"P108170_1",108170,2019-08-31,2,3,"Promotion"
"P100547_1",100547,2020-05-20,2,3,"Promotion"
"P103041_1",103041,2021-02-27,2,3,"In-Level Progression"
"P105154_1",105154,2024-04-11,2,3,"Promotion"
"P103577_1",103577,2020-12-30,2,3,"Promotion"
"P102635_1",102635,2019-03-02,2,3,"In-Level Progression"
"P108521_1",108521,2023-10-12,2,3,"In-Level Progression"
"P108521_2",108521,2024-02-02,2,3,"Promotion"
"P102446_1",102446,2024-03-15,2,3,"In-Level Progression"
"P102446_2",102446,2024-11-22,2,3,"Promotion"
"P104279_1",104279,2024-05-25,2,3,"Promotion"
"P106716_1",106716,2024-08-10,2,3,"Promotion"
"P106716_2",106716,2025-01-01,2,3,"Promotion"
"P104790_1",104790,2023-09-01,2,3,"Promotion"
"P104790_2",104790,2025-08-02,2,3,"Promotion"
"P104554_1",104554,2024-09-30,2,3,"Promotion"
"P101945_1",101945,2022-09-30,2,3,"In-Level Progression"
"P100880_1",100880,2025-01-06,2,3,"Promotion"
"P107669_1",107669,2024-11-29,2,3,"Promotion"
"P106915_1",106915,2024-02-29,2,3,"Promotion"
"P107689_1",107689,2024-04-06,2,3,"In-Level Progression"
"P103801_1",103801,2025-12-08,2,3,"Promotion"
"P108229_1",108229,2026-01-16,2,3,"Promotion"
"P106098_1",106098,2026-01-07,2,3,"In-Level Progression"
"P101276_1",101276,2025-06-25,2,3,"Promotion"
"P106726_1",106726,2026-01-29,2,3,"Promotion"
"P108492_1",108492,2020-09-26,2,3,"In-Level Progression"
"P104503_1",104503,2019-07-19,2,3,"Promotion"
"P109270_1",109270,2020-12-24,2,3,"Promotion"
"P104231_1",104231,2019-07-31,2,3,"Promotion"
"P104231_2",104231,2024-01-03,2,3,"Promotion"
"P105384_1",105384,2024-09-15,2,3,"Promotion"
"P106166_1",106166,2024-03-19,2,3,"Promotion"
"P108963_1",108963,2024-10-31,2,3,"Promotion"
"P107627_1",107627,2016-09-29,2,3,"Promotion"
"P107627_2",107627,2020-07-12,2,3,"Promotion"
"P101932_1",101932,2022-04-27,2,3,"In-Level Progression"
"P100489_1",100489,2019-11-29,2,3,"In-Level Progression"
"P101686_1",101686,2023-12-10,2,3,"Promotion"
"P109028_1",109028,2020-11-28,2,3,"In-Level Progression"
"P107608_1",107608,2024-06-21,2,3,"In-Level Progression"
"P104085_1",104085,2018-11-15,2,3,"In-Level Progression"
"P103599_1",103599,2020-10-12,2,3,"In-Level Progression"
"P109952_1",109952,2019-10-20,2,3,"In-Level Progression"
"P108337_1",108337,2020-04-25,2,3,"Promotion"
"P108337_2",108337,2021-01-20,2,3,"Promotion"
"P102159_1",102159,2019-08-11,2,3,"Promotion"
"P107425_1",107425,2025-03-16,2,3,"Promotion"
"P108586_1",108586,2020-09-02,2,3,"Promotion"
"P101658_1",101658,2022-11-21,2,3,"Promotion"
"P104864_1",104864,2025-01-01,2,3,"In-Level Progression"
"P104864_2",104864,2025-01-17,2,3,"In-Level Progression"
"P103377_1",103377,2021-01-26,2,3,"Promotion"
"P104277_1",104277,2024-09-12,2,3,"Promotion"
"P105979_1",105979,2021-06-03,2,3,"Promotion"
"P109814_1",109814,2025-03-07,2,3,"In-Level Progression"
"P100106_1",100106,2023-07-24,2,3,"Promotion"
"P104853_1",104853,2023-07-01,2,3,"In-Level Progression"
"P109468_1",109468,2025-10-03,2,3,"In-Level Progression"
"P100904_1",100904,2025-08-17,2,3,"Promotion"
"P103508_1",103508,2022-12-16,2,3,"Promotion"
"P108066_1",108066,2023-01-30,2,3,"Promotion"
"P100655_1",100655,2025-07-28,2,3,"Promotion"
"P100670_1",100670,2024-03-02,2,3,"Promotion"
"P101759_1",101759,2025-01-16,2,3,"Promotion"
"P106654_1",106654,2025-12-25,2,3,"In-Level Progression"
"P100053_1",100053,2025-06-23,2,3,"Promotion"
"P104266_1",104266,2026-01-28,2,3,"In-Level Progression"
"P108069_1",108069,2025-05-02,2,3,"Promotion"
"P106591_1",106591,2025-07-17,2,3,"Promotion"
"P101282_1",101282,2019-02-06,2,3,"Promotion"
"P101282_2",101282,2021-08-10,2,3,"Promotion"
"P101384_1",101384,2024-06-06,2,3,"Promotion"
"P109823_1",109823,2020-07-20,2,3,"Promotion"
"P109823_2",109823,2024-10-03,2,3,"In-Level Progression"
"P109443_1",109443,2024-01-25,2,3,"Promotion"
"P106168_1",106168,2021-08-07,2,3,"Promotion"
"P109020_1",109020,2025-04-26,2,3,"Promotion"
"P102450_1",102450,2024-02-25,2,3,"Promotion"
"P106421_1",106421,2018-07-29,2,3,"Promotion"
"P106421_2",106421,2018-10-13,2,3,"Promotion"
"P109363_1",109363,2021-06-10,2,3,"Promotion"
"P109363_2",109363,2024-01-10,2,3,"Promotion"
"P100734_1",100734,2021-01-12,2,3,"Promotion"
"P100734_2",100734,2024-01-23,2,3,"Promotion"
"P104593_1",104593,2019-01-28,2,3,"Promotion"
"P101161_1",101161,2024-01-08,2,3,"In-Level Progression"
"P101161_2",101161,2025-06-16,2,3,"In-Level Progression"
"P104721_1",104721,2021-06-12,2,3,"Promotion"
"P105624_1",105624,2024-10-22,2,3,"Promotion"
"P100624_1",100624,2024-11-14,2,3,"In-Level Progression"
"P102281_1",102281,2022-05-15,2,3,"Promotion"
"P100166_1",100166,2022-02-28,2,3,"In-Level Progression"
"P109124_1",109124,2023-01-31,2,3,"Promotion"
"P102504_1",102504,2022-05-13,2,3,"Promotion"
"P103699_1",103699,2023-08-04,2,3,"Promotion"
"P109320_1",109320,2025-11-20,2,3,"Promotion"
"P101001_1",101001,2024-05-07,2,3,"In-Level Progression"
"P103321_1",103321,2022-07-14,2,3,"Promotion"
"P103848_1",103848,2025-10-11,2,3,"Promotion"
"P100233_1",100233,2025-03-25,2,3,"Promotion"
"P101810_1",101810,2025-07-09,2,3,"Promotion"
"P103942_1",103942,2024-09-19,2,3,"Promotion"
"P104110_1",104110,2025-12-26,2,3,"Promotion"
"P100104_1",100104,2022-02-27,2,3,"In-Level Progression"
"P102894_1",102894,2016-03-23,2,3,"Promotion"
"P109290_1",109290,2024-04-02,2,3,"In-Level Progression"
"P104318_1",104318,2016-12-19,2,3,"Promotion"
"P101377_1",101377,2018-09-12,2,3,"In-Level Progression"
"P101377_2",101377,2023-04-01,2,3,"Promotion"
"P105783_1",105783,2019-10-25,2,3,"In-Level Progression"
"P107974_1",107974,2020-08-29,2,3,"Promotion"
"P107974_2",107974,2024-07-29,2,3,"Promotion"
"P108678_1",108678,2017-04-04,2,3,"Promotion"
"P108678_2",108678,2020-08-13,2,3,"Promotion"
"P103286_1",103286,2021-01-18,2,3,"Promotion"
"P107374_1",107374,2017-12-20,2,3,"Promotion"
"P104099_1",104099,2019-04-27,2,3,"Promotion"
"P104099_2",104099,2020-09-24,2,3,"In-Level Progression"
"P102447_1",102447,2018-07-16,2,3,"In-Level Progression"
"P105521_1",105521,2022-06-17,2,3,"In-Level Progression"
"P107365_1",107365,2023-11-30,2,3,"In-Level Progression"
"P105195_1",105195,2018-09-20,2,3,"Promotion"
"P100695_1",100695,2022-06-05,2,3,"Promotion"
"P102840_1",102840,2022-02-11,2,3,"Promotion"
"P101595_1",101595,2020-06-19,2,3,"Promotion"
"P104829_1",104829,2023-07-13,2,3,"Promotion"
"P104829_2",104829,2024-07-08,2,3,"Promotion"
"P101607_1",101607,2022-04-09,2,3,"Promotion"
"P103959_1",103959,2022-01-12,2,3,"Promotion"
"P106252_1",106252,2024-01-12,2,3,"Promotion"
"P100097_1",100097,2023-09-09,2,3,"Promotion"
"P102712_1",102712,2023-02-27,2,3,"Promotion"
"P109078_1",109078,2022-02-10,2,3,"Promotion"
"P100163_1",100163,2023-03-13,2,3,"Promotion"
"P102762_1",102762,2025-11-28,2,3,"Promotion"
"P103269_1",103269,2022-09-28,2,3,"Promotion"
"P109435_1",109435,2023-04-25,2,3,"Promotion"
"P102826_1",102826,2022-03-22,2,3,"Promotion"
"P108174_1",108174,2025-03-18,2,3,"Promotion"
"P101485_1",101485,2024-10-17,2,3,"Promotion"
"P103526_1",103526,2022-10-20,2,3,"Promotion"
"P103526_2",103526,2022-11-16,2,3,"Promotion"
"P106663_1",106663,2023-05-11,2,3,"Promotion"
"P103052_1",103052,2023-05-21,2,3,"Promotion"
"P104896_1",104896,2024-04-05,2,3,"In-Level Progression"
"P105559_1",105559,2025-10-30,2,3,"Promotion"
"P109771_1",109771,2023-12-14,2,3,"In-Level Progression"
"P108395_1",108395,2025-07-27,2,3,"Promotion"
"P106164_1",106164,2025-08-10,2,3,"Promotion"
"P106387_1",106387,2025-10-20,2,3,"In-Level Progression"
"P106129_1",106129,2024-04-08,2,3,"Promotion"
"P102622_1",102622,2025-05-11,2,3,"Promotion"
"P107933_1",107933,2025-06-22,2,3,"In-Level Progression"
"P109464_1",109464,2025-01-26,2,3,"Promotion"
"P101862_1",101862,2025-04-23,2,3,"In-Level Progression"
"P101625_1",101625,2025-06-24,2,3,"Promotion"
"P101625_2",101625,2025-11-14,2,3,"Promotion"
"P108588_1",108588,2025-07-27,2,3,"Promotion"
"P102501_1",102501,2025-09-16,2,3,"Promotion"
"P102501_2",102501,2025-11-19,2,3,"Promotion"
"P103011_1",103011,2026-02-01,2,3,"Promotion"
"P109221_1",109221,2020-04-05,2,3,"Promotion"
"P101944_1",101944,2017-04-05,2,3,"In-Level Progression"
"P107097_1",107097,2025-05-20,2,3,"Promotion"
"P102316_1",102316,2019-06-11,2,3,"In-Level Progression"
"P103439_1",103439,2018-02-13,2,3,"Promotion"
"P104200_1",104200,2019-12-04,2,3,"Promotion"
"P105849_1",105849,2025-04-14,2,3,"Promotion"
"P108921_1",108921,2022-01-07,2,3,"Promotion"
"P104709_1",104709,2024-04-02,2,3,"Promotion"
"P104354_1",104354,2023-03-29,2,3,"Promotion"
"P100335_1",100335,2020-06-17,2,3,"In-Level Progression"
"P106612_1",106612,2019-02-09,2,3,"In-Level Progression"
"P103090_1",103090,2020-12-25,2,3,"Promotion"
"P106127_1",106127,2025-06-09,2,3,"Promotion"
"P101972_1",101972,2018-03-30,2,3,"In-Level Progression"
"P106677_1",106677,2019-11-30,2,3,"Promotion"
"P104481_1",104481,2024-07-23,2,3,"In-Level Progression"
"P106614_1",106614,2025-09-10,2,3,"In-Level Progression"
"P102090_1",102090,2019-04-03,2,3,"In-Level Progression"
"P100871_1",100871,2019-11-21,2,3,"Promotion"
"P104574_1",104574,2020-08-18,2,3,"In-Level Progression"
"P108476_1",108476,2023-04-01,2,3,"In-Level Progression"
"P102148_1",102148,2025-06-27,2,3,"In-Level Progression"
"P108244_1",108244,2023-03-21,2,3,"Promotion"
"P107567_1",107567,2023-05-21,2,3,"Promotion"
"P102420_1",102420,2020-10-10,2,3,"Promotion"
"P105354_1",105354,2023-04-23,2,3,"Promotion"
"P105354_2",105354,2023-11-04,2,3,"In-Level Progression"
"P105941_1",105941,2022-12-11,2,3,"Promotion"
"P108054_1",108054,2022-06-15,2,3,"In-Level Progression"
"P109672_1",109672,2024-08-22,2,3,"Promotion"
"P106755_1",106755,2023-11-29,2,3,"Promotion"
"P109403_1",109403,2025-07-11,2,3,"Promotion"
"P105555_1",105555,2025-04-27,2,3,"Promotion"
"P103731_1",103731,2024-02-15,2,3,"Promotion"
"P105825_1",105825,2024-04-20,2,3,"Promotion"
"P102487_1",102487,2024-07-23,2,3,"In-Level Progression"
"P107352_1",107352,2023-09-29,2,3,"In-Level Progression"
"P107352_2",107352,2024-05-01,2,3,"Promotion"
"P102494_1",102494,2024-01-01,2,3,"Promotion"
"P102494_2",102494,2024-08-16,2,3,"Promotion"
"P105508_1",105508,2025-07-12,2,3,"Promotion"
"P100403_1",100403,2024-07-30,2,3,"Promotion"
"P105991_1",105991,2024-05-03,2,3,"Promotion"
"P107067_1",107067,2024-07-08,2,3,"Promotion"
"P107067_2",107067,2025-04-02,2,3,"Promotion"
"P107588_1",107588,2024-05-13,2,3,"In-Level Progression"
"P107588_2",107588,2025-06-20,2,3,"Promotion"
"P105305_1",105305,2025-10-08,2,3,"Promotion"
"P106438_1",106438,2025-01-11,2,3,"Promotion"
"P106438_2",106438,2025-08-06,2,3,"Promotion"
"P104472_1",104472,2025-06-17,2,3,"In-Level Progression"
"P102990_1",102990,2025-05-15,2,3,"In-Level Progression"
"P102990_2",102990,2025-05-22,2,3,"Promotion"
"P105766_1",105766,2025-02-23,2,3,"Promotion"
"P103109_1",103109,2025-08-23,2,3,"Promotion"
"P101398_1",101398,2026-01-18,2,3,"Promotion"
"P101150_1",101150,2019-05-16,1,2,"In-Level Progression"
"P104451_1",104451,2015-08-04,1,2,"Promotion"
"P102066_1",102066,2016-02-23,1,2,"Promotion"
"P109525_1",109525,2025-09-09,1,2,"In-Level Progression"
"P108135_1",108135,2019-12-28,1,2,"Promotion"
"P108233_1",108233,2021-11-06,1,2,"Promotion"
"P106103_1",106103,2019-10-17,1,2,"Promotion"
"P109809_1",109809,2016-01-02,1,2,"In-Level Progression"
"P105209_1",105209,2019-04-28,1,2,"Promotion"
"P102048_1",102048,2021-10-02,1,2,"In-Level Progression"
"P107558_1",107558,2018-02-26,1,2,"Promotion"
"P101148_1",101148,2020-01-28,1,2,"Promotion"
"P101148_2",101148,2021-11-19,1,2,"Promotion"
"P100653_1",100653,2022-06-05,1,2,"In-Level Progression"
"P103268_1",103268,2019-09-22,1,2,"Promotion"
"P104571_1",104571,2019-06-22,1,2,"Promotion"
"P100946_1",100946,2023-08-17,1,2,"Promotion"
"P106513_1",106513,2020-05-24,1,2,"Promotion"
"P108368_1",108368,2025-07-17,1,2,"In-Level Progression"
"P106574_1",106574,2023-05-24,1,2,"Promotion"
"P101299_1",101299,2023-02-03,1,2,"In-Level Progression"
"P100139_1",100139,2020-02-21,1,2,"In-Level Progression"
"P103487_1",103487,2025-10-06,1,2,"In-Level Progression"
"P105387_1",105387,2016-07-18,1,2,"Promotion"
"P105387_2",105387,2024-08-12,1,2,"Promotion"
"P108714_1",108714,2016-09-29,1,2,"Promotion"
"P100794_1",100794,2024-03-25,1,2,"Promotion"
"P100738_1",100738,2018-03-24,1,2,"In-Level Progression"
"P100054_1",100054,2018-08-16,1,2,"Promotion"
"P100054_2",100054,2022-02-14,1,2,"Promotion"
"P101576_1",101576,2016-04-21,1,2,"In-Level Progression"
"P101710_1",101710,2021-08-01,1,2,"Promotion"
"P103230_1",103230,2018-11-07,1,2,"Promotion"
"P103265_1",103265,2025-02-14,1,2,"Promotion"
"P109498_1",109498,2020-04-05,1,2,"Promotion"
"P109498_2",109498,2026-01-29,1,2,"Promotion"
"P107210_1",107210,2018-10-04,1,2,"Promotion"
"P107271_1",107271,2021-06-19,1,2,"Promotion"
"P101402_1",101402,2024-06-18,1,2,"Promotion"
"P105124_1",105124,2017-07-28,1,2,"Promotion"
"P102340_1",102340,2024-04-29,1,2,"In-Level Progression"
"P105233_1",105233,2022-11-03,1,2,"In-Level Progression"
"P104732_1",104732,2020-02-05,1,2,"Promotion"
"P107335_1",107335,2018-02-15,1,2,"In-Level Progression"
"P107335_2",107335,2023-02-27,1,2,"Promotion"
"P102221_1",102221,2019-07-22,1,2,"Promotion"
"P107461_1",107461,2019-09-17,1,2,"Promotion"
"P102135_1",102135,2018-10-11,1,2,"In-Level Progression"
"P100009_1",100009,2022-06-02,1,2,"In-Level Progression"
"P109448_1",109448,2017-10-28,1,2,"Promotion"
"P103669_1",103669,2022-01-31,1,2,"Promotion"
"P100544_1",100544,2022-04-13,1,2,"Promotion"
"P102662_1",102662,2017-04-25,1,2,"Promotion"
"P104674_1",104674,2023-06-09,1,2,"Promotion"
"P101392_1",101392,2020-11-22,1,2,"Promotion"
"P104530_1",104530,2018-05-07,1,2,"Promotion"
"P101345_1",101345,2024-07-14,1,2,"In-Level Progression"
"P107368_1",107368,2021-04-17,1,2,"In-Level Progression"
"P100601_1",100601,2018-10-17,1,2,"In-Level Progression"
"P100819_1",100819,2023-05-31,1,2,"Promotion"
"P105537_1",105537,2024-08-22,1,2,"Promotion"
"P103601_1",103601,2018-08-27,1,2,"In-Level Progression"
"P102995_1",102995,2019-12-29,1,2,"In-Level Progression"
"P100712_1",100712,2020-06-03,1,2,"Promotion"
"P105084_1",105084,2019-07-14,1,2,"Promotion"
"P107340_1",107340,2018-05-24,1,2,"Promotion"
"P109228_1",109228,2025-01-26,1,2,"Promotion"
"P108573_1",108573,2023-09-28,1,2,"In-Level Progression"
"P108573_2",108573,2024-06-10,1,2,"In-Level Progression"
"P100590_1",100590,2020-11-14,1,2,"In-Level Progression"
"P100590_2",100590,2025-09-10,1,2,"In-Level Progression"
"P100419_1",100419,2018-01-14,1,2,"Promotion"
"P100875_1",100875,2022-11-30,1,2,"Promotion"
"P100875_2",100875,2025-03-18,1,2,"In-Level Progression"
"P106665_1",106665,2018-07-19,1,2,"In-Level Progression"
"P108609_1",108609,2021-12-30,1,2,"Promotion"
"P100317_1",100317,2021-03-01,1,2,"Promotion"
"P104702_1",104702,2025-07-24,1,2,"In-Level Progression"
"P108284_1",108284,2025-04-11,1,2,"In-Level Progression"
"P108847_1",108847,2025-09-07,1,2,"In-Level Progression"
"P102618_1",102618,2019-05-20,1,2,"Promotion"
"P106946_1",106946,2025-06-22,1,2,"Promotion"
"P105212_1",105212,2023-05-28,1,2,"Promotion"
"P105212_2",105212,2025-07-13,1,2,"Promotion"
"P102740_1",102740,2018-11-30,1,2,"In-Level Progression"
"P103271_1",103271,2022-01-07,1,2,"In-Level Progression"
"P109216_1",109216,2022-11-30,1,2,"Promotion"
"P104668_1",104668,2023-02-23,1,2,"Promotion"
"P107666_1",107666,2023-08-09,1,2,"In-Level Progression"
"P107841_1",107841,2020-07-21,1,2,"Promotion"
"P107195_1",107195,2022-04-21,1,2,"Promotion"
"P102725_1",102725,2020-12-31,1,2,"Promotion"
"P107417_1",107417,2023-02-12,1,2,"Promotion"
"P106271_1",106271,2023-02-22,1,2,"In-Level Progression"
"P108400_1",108400,2024-06-14,1,2,"Promotion"
"P101237_1",101237,2021-04-14,1,2,"Promotion"
"P105774_1",105774,2023-02-04,1,2,"Promotion"
"P108448_1",108448,2020-03-14,1,2,"Promotion"
"P102476_1",102476,2022-09-28,1,2,"Promotion"
"P105393_1",105393,2020-09-09,1,2,"In-Level Progression"
"P102528_1",102528,2022-09-03,1,2,"Promotion"
"P101675_1",101675,2021-07-23,1,2,"In-Level Progression"
"P103267_1",103267,2023-02-08,1,2,"In-Level Progression"
"P104648_1",104648,2026-01-07,1,2,"In-Level Progression"
"P102733_1",102733,2023-07-02,1,2,"Promotion"
"P100226_1",100226,2021-06-20,1,2,"Promotion"
"P101898_1",101898,2021-04-07,1,2,"Promotion"
"P101898_2",101898,2022-06-06,1,2,"Promotion"
"P107676_1",107676,2023-07-14,1,2,"In-Level Progression"
"P107244_1",107244,2023-07-11,1,2,"In-Level Progression"
"P104999_1",104999,2024-06-27,1,2,"Promotion"
"P104586_1",104586,2021-07-10,1,2,"Promotion"
"P105478_1",105478,2022-04-16,1,2,"Promotion"
"P109217_1",109217,2023-11-27,1,2,"In-Level Progression"
"P107066_1",107066,2025-01-13,1,2,"Promotion"
"P105654_1",105654,2025-12-23,1,2,"Promotion"
"P107618_1",107618,2024-09-29,1,2,"In-Level Progression"
"P104630_1",104630,2023-09-22,1,2,"In-Level Progression"
"P108203_1",108203,2023-10-22,1,2,"In-Level Progression"
"P101497_1",101497,2022-06-29,1,2,"Promotion"
"P101354_1",101354,2024-12-02,1,2,"In-Level Progression"
"P105286_1",105286,2025-08-20,1,2,"In-Level Progression"
"P102812_1",102812,2023-12-14,1,2,"Promotion"
"P104399_1",104399,2024-02-20,1,2,"Promotion"
"P109139_1",109139,2023-03-01,1,2,"Promotion"
"P108888_1",108888,2023-08-27,1,2,"In-Level Progression"
"P108888_2",108888,2024-07-22,1,2,"Promotion"
"P101277_1",101277,2023-01-02,1,2,"Promotion"
"P109407_1",109407,2024-02-02,1,2,"In-Level Progression"
"P102203_1",102203,2024-08-03,1,2,"Promotion"
"P101874_1",101874,2024-12-08,1,2,"In-Level Progression"
"P100381_1",100381,2023-08-18,1,2,"Promotion"
"P100750_1",100750,2025-09-17,1,2,"Promotion"
"P108455_1",108455,2025-07-25,1,2,"Promotion"
"P109944_1",109944,2025-04-30,1,2,"Promotion"
"P108607_1",108607,2024-12-17,1,2,"Promotion"
"P101018_1",101018,2023-11-29,1,2,"Promotion"
"P106032_1",106032,2024-04-15,1,2,"Promotion"
"P106032_2",106032,2025-07-11,1,2,"Promotion"
"P101636_1",101636,2025-03-27,1,2,"Promotion"
"P109687_1",109687,2025-05-11,1,2,"Promotion"
"P109687_2",109687,2025-08-12,1,2,"Promotion"
"P109603_1",109603,2024-10-15,1,2,"Promotion"
"P106874_1",106874,2025-09-16,1,2,"Promotion"
"P102888_1",102888,2025-05-28,1,2,"In-Level Progression"
"P102903_1",102903,2024-06-16,1,2,"In-Level Progression"
"P103057_1",103057,2024-07-25,1,2,"In-Level Progression"
"P100093_1",100093,2024-09-06,1,2,"Promotion"
"P104221_1",104221,2025-02-26,1,2,"Promotion"
"P100513_1",100513,2025-06-11,1,2,"In-Level Progression"
"P106008_1",106008,2025-12-11,1,2,"In-Level Progression"
"P100654_1",100654,2024-11-22,1,2,"Promotion"
"P105007_1",105007,2025-01-14,1,2,"In-Level Progression"
"P100541_1",100541,2025-11-01,1,2,"Promotion"
"P101050_1",101050,2025-09-24,1,2,"Promotion"
"P108008_1",108008,2025-09-26,1,2,"Promotion"
"P101939_1",101939,2025-08-31,1,2,"In-Level Progression"
"P102020_1",102020,2026-01-01,1,2,"Promotion"
"P108778_1",108778,2023-03-23,1,2,"In-Level Progression"
"P108778_2",108778,2025-02-16,1,2,"In-Level Progression"
"P106435_1",106435,2023-02-12,1,2,"Promotion"
"P109088_1",109088,2018-05-24,1,2,"In-Level Progression"
"P106240_1",106240,2019-04-30,1,2,"Promotion"
"P108891_1",108891,2021-05-22,1,2,"Promotion"
"P105638_1",105638,2025-05-29,1,2,"Promotion"
"P106595_1",106595,2018-04-08,1,2,"In-Level Progression"
"P107596_1",107596,2025-08-11,1,2,"Promotion"
"P105429_1",105429,2021-12-06,1,2,"Promotion"
"P109300_1",109300,2023-03-18,1,2,"Promotion"
"P104547_1",104547,2022-12-17,1,2,"Promotion"
"P109008_1",109008,2021-08-28,1,2,"Promotion"
"P101922_1",101922,2024-12-29,1,2,"Promotion"
"P102910_1",102910,2020-11-20,1,2,"Promotion"
"P103360_1",103360,2017-03-08,1,2,"Promotion"
"P103460_1",103460,2022-07-08,1,2,"Promotion"
"P105927_1",105927,2025-05-04,1,2,"Promotion"
"P101123_1",101123,2018-09-30,1,2,"Promotion"
"P109536_1",109536,2023-05-01,1,2,"Promotion"
"P104991_1",104991,2026-01-03,1,2,"Promotion"
"P105791_1",105791,2023-07-21,1,2,"In-Level Progression"
"P105791_2",105791,2025-01-13,1,2,"In-Level Progression"
"P104769_1",104769,2024-07-16,1,2,"Promotion"
"P105706_1",105706,2023-12-10,1,2,"In-Level Progression"
"P100893_1",100893,2021-12-14,1,2,"In-Level Progression"
"P102732_1",102732,2021-09-18,1,2,"Promotion"
"P107061_1",107061,2025-04-05,1,2,"In-Level Progression"
"P105057_1",105057,2021-08-15,1,2,"In-Level Progression"
"P102413_1",102413,2023-06-04,1,2,"In-Level Progression"
"P102413_2",102413,2023-08-01,1,2,"Promotion"
"P100989_1",100989,2021-01-20,1,2,"Promotion"
"P105190_1",105190,2022-12-20,1,2,"In-Level Progression"
"P108354_1",108354,2021-03-02,1,2,"In-Level Progression"
"P103820_1",103820,2023-12-07,1,2,"Promotion"
"P106076_1",106076,2020-02-13,1,2,"Promotion"
"P109453_1",109453,2021-07-04,1,2,"In-Level Progression"
"P100155_1",100155,2024-03-26,1,2,"Promotion"
"P101626_1",101626,2021-10-27,1,2,"Promotion"
"P108352_1",108352,2023-06-20,1,2,"Promotion"
"P104660_1",104660,2024-11-04,1,2,"Promotion"
"P109261_1",109261,2022-12-03,1,2,"In-Level Progression"
"P108685_1",108685,2023-09-06,1,2,"Promotion"
"P106452_1",106452,2021-10-05,1,2,"Promotion"
"P104741_1",104741,2022-04-28,1,2,"In-Level Progression"
"P107358_1",107358,2025-11-20,1,2,"Promotion"
"P103345_1",103345,2022-05-28,1,2,"In-Level Progression"
"P105031_1",105031,2024-06-20,1,2,"In-Level Progression"
"P109835_1",109835,2023-01-17,1,2,"Promotion"
"P103643_1",103643,2023-11-24,1,2,"Promotion"
"P105971_1",105971,2024-02-24,1,2,"In-Level Progression"
"P105137_1",105137,2024-01-14,1,2,"Promotion"
"P105066_1",105066,2025-07-06,1,2,"In-Level Progression"
"P105850_1",105850,2024-10-01,1,2,"Promotion"
"P104542_1",104542,2025-09-28,1,2,"In-Level Progression"
"P102238_1",102238,2025-02-19,1,2,"Promotion"
"P105419_1",105419,2025-11-07,1,2,"In-Level Progression"
"P103769_1",103769,2024-08-31,1,2,"In-Level Progression"
"P107456_1",107456,2025-05-27,1,2,"In-Level Progression"
"P104381_1",104381,2025-06-14,1,2,"Promotion"
"P101480_1",101480,2025-01-01,1,2,"In-Level Progression"
"P109790_1",109790,2024-08-13,1,2,"Promotion"
"P108249_1",108249,2025-06-06,1,2,"Promotion"
"P107847_1",107847,2025-09-11,1,2,"Promotion"
"P107847_2",107847,2025-12-21,1,2,"In-Level Progression"
"P105924_1",105924,2025-05-06,1,2,"In-Level Progression"
"P105924_2",105924,2025-09-30,1,2,"Promotion"
"P108968_1",108968,2025-11-23,1,2,"Promotion"
"P109698_1",109698,2021-12-21,1,2,"Promotion"
"P104781_1",104781,2022-11-20,1,2,"Promotion"
"P103752_1",103752,2019-01-27,1,2,"Promotion"
"P103752_2",103752,2019-09-21,1,2,"Promotion"
"P100189_1",100189,2025-11-27,1,2,"In-Level Progression"
"P101549_1",101549,2020-11-19,1,2,"In-Level Progression"
"P106003_1",106003,2016-11-19,1,2,"In-Level Progression"
"P104985_1",104985,2020-09-27,1,2,"Promotion"
"P104985_2",104985,2021-03-24,1,2,"In-Level Progression"
"P102050_1",102050,2020-02-07,1,2,"Promotion"
"P102050_2",102050,2020-09-12,1,2,"In-Level Progression"
"P106893_1",106893,2022-02-11,1,2,"In-Level Progression"
"P104858_1",104858,2018-11-10,1,2,"Promotion"
"P108138_1",108138,2021-01-28,1,2,"Promotion"
"P101726_1",101726,2023-05-08,1,2,"Promotion"
"P108598_1",108598,2021-09-26,1,2,"Promotion"
"P106039_1",106039,2023-01-09,1,2,"Promotion"
"P102456_1",102456,2019-09-23,1,2,"Promotion"
"P106128_1",106128,2018-07-07,1,2,"In-Level Progression"
"P106128_2",106128,2022-06-14,1,2,"Promotion"
"P103734_1",103734,2025-02-08,1,2,"In-Level Progression"
"P103734_2",103734,2025-08-14,1,2,"Promotion"
"P108680_1",108680,2025-05-08,1,2,"Promotion"
"P104676_1",104676,2019-05-07,1,2,"In-Level Progression"
"P101284_1",101284,2020-08-01,1,2,"Promotion"
"P108361_1",108361,2025-06-04,1,2,"In-Level Progression"
"P101523_1",101523,2025-12-17,1,2,"In-Level Progression"
"P105258_1",105258,2019-11-28,1,2,"In-Level Progression"
"P102138_1",102138,2022-03-14,1,2,"Promotion"
"P108887_1",108887,2022-10-25,1,2,"In-Level Progression"
"P108887_2",108887,2025-08-04,1,2,"In-Level Progression"
"P107947_1",107947,2025-12-31,1,2,"Promotion"
"P100170_1",100170,2023-10-15,1,2,"In-Level Progression"
"P100170_2",100170,2025-05-03,1,2,"In-Level Progression"
"P103650_1",103650,2025-10-17,1,2,"Promotion"
"P108204_1",108204,2025-01-18,1,2,"Promotion"
"P105516_1",105516,2023-07-06,1,2,"Promotion"
"P105516_2",105516,2025-07-20,1,2,"In-Level Progression"
"P105350_1",105350,2025-02-10,1,2,"Promotion"
"P107376_1",107376,2024-02-07,1,2,"Promotion"
"P101865_1",101865,2024-05-02,1,2,"In-Level Progression"
"P105406_1",105406,2022-12-03,1,2,"In-Level Progression"
"P100463_1",100463,2025-08-16,1,2,"In-Level Progression"
"P101866_1",101866,2024-10-01,1,2,"Promotion"
"P106690_1",106690,2023-08-26,1,2,"Promotion"
"P104799_1",104799,2026-01-15,1,2,"Promotion"
"P105780_1",105780,2024-08-25,1,2,"In-Level Progression"
"P101962_1",101962,2025-11-07,1,2,"Promotion"
"P107364_1",107364,2025-08-06,1,2,"Promotion"
"P108394_1",108394,2025-07-11,1,2,"Promotion"
"P107616_1",107616,2024-08-24,1,2,"Promotion"
"P107056_1",107056,2025-04-08,1,2,"Promotion"
"P100143_1",100143,2025-09-11,1,2,"Promotion"
"P106964_1",106964,2025-09-29,1,2,"Promotion"
"P107969_1",107969,2025-01-26,1,2,"In-Level Progression"
"P107969_2",107969,2025-11-08,1,2,"Promotion"
"P100827_1",100827,2025-09-01,1,2,"In-Level Progression"
"P102836_1",102836,2025-07-08,1,2,"Promotion"
"P107489_1",107489,2022-01-13,1,2,"In-Level Progression"
"P103547_1",103547,2024-12-29,1,2,"In-Level Progression"
"P100128_1",100128,2016-03-18,1,2,"In-Level Progression"
"P108446_1",108446,2021-12-12,1,2,"In-Level Progression"
"P108446_2",108446,2025-05-31,1,2,"Promotion"
"P107479_1",107479,2020-12-22,1,2,"Promotion"
"P107889_1",107889,2019-11-02,1,2,"In-Level Progression"
"P108494_1",108494,2016-04-18,1,2,"Promotion"
"P108494_2",108494,2021-08-02,1,2,"Promotion"
"P107661_1",107661,2019-11-30,1,2,"Promotion"
"P101273_1",101273,2019-10-23,1,2,"In-Level Progression"
"P103729_1",103729,2025-12-22,1,2,"Promotion"
"P106634_1",106634,2023-10-12,1,2,"Promotion"
"P106634_2",106634,2026-01-06,1,2,"Promotion"
"P105522_1",105522,2023-11-27,1,2,"In-Level Progression"
"P102953_1",102953,2022-08-31,1,2,"In-Level Progression"
"P102739_1",102739,2017-12-25,1,2,"Promotion"
"P102739_2",102739,2021-04-11,1,2,"Promotion"
"P105362_1",105362,2021-12-28,1,2,"Promotion"
"P105453_1",105453,2019-06-27,1,2,"Promotion"
"P109049_1",109049,2020-11-26,1,2,"Promotion"
"P109250_1",109250,2019-06-04,1,2,"Promotion"
"P101776_1",101776,2025-02-09,1,2,"Promotion"
"P101776_2",101776,2025-10-13,1,2,"Promotion"
"P102917_1",102917,2023-11-12,1,2,"In-Level Progression"
"P105952_1",105952,2019-08-07,1,2,"Promotion"
"P105342_1",105342,2021-11-26,1,2,"Promotion"
"P106086_1",106086,2024-10-15,1,2,"In-Level Progression"
"P108279_1",108279,2024-03-27,1,2,"Promotion"
"P102541_1",102541,2020-09-26,1,2,"In-Level Progression"
"P103229_1",103229,2023-05-27,1,2,"Promotion"
"P107211_1",107211,2021-11-27,1,2,"In-Level Progression"
"P103025_1",103025,2024-06-26,1,2,"Promotion"
"P104901_1",104901,2025-03-29,1,2,"In-Level Progression"
"P107654_1",107654,2024-06-13,1,2,"In-Level Progression"
"P107654_2",107654,2025-10-20,1,2,"Promotion"
"P108811_1",108811,2025-01-04,1,2,"In-Level Progression"
"P104828_1",104828,2024-05-11,1,2,"Promotion"
"P102499_1",102499,2023-01-23,1,2,"Promotion"
"P102558_1",102558,2022-05-22,1,2,"In-Level Progression"
"P106901_1",106901,2022-09-24,1,2,"Promotion"
"P107626_1",107626,2025-12-01,1,2,"Promotion"
"P100672_1",100672,2024-01-16,1,2,"Promotion"
"P106659_1",106659,2025-01-30,1,2,"Promotion"
"P100577_1",100577,2023-08-05,1,2,"Promotion"
"P101271_1",101271,2022-10-03,1,2,"In-Level Progression"
"P107605_1",107605,2023-04-27,1,2,"In-Level Progression"
"P107605_2",107605,2025-10-11,1,2,"Promotion"
"P104789_1",104789,2025-08-07,1,2,"In-Level Progression"
"P104081_1",104081,2025-04-10,1,2,"Promotion"
"P104081_2",104081,2025-11-21,1,2,"Promotion"
"P109084_1",109084,2024-12-18,1,2,"Promotion"
"P105121_1",105121,2024-05-27,1,2,"Promotion"
"P104134_1",104134,2025-07-08,1,2,"Promotion"
"P104750_1",104750,2025-02-03,1,2,"Promotion"
"P106509_1",106509,2014-07-01,1,2,"Promotion"
"P102153_1",102153,2023-11-25,1,2,"Promotion"
"P103394_1",103394,2022-01-14,1,2,"Promotion"
"P104356_1",104356,2017-07-17,1,2,"In-Level Progression"
"P103726_1",103726,2019-06-04,1,2,"In-Level Progression"
"P108768_1",108768,2024-01-05,1,2,"Promotion"
"P109200_1",109200,2020-11-06,1,2,"In-Level Progression"
"P109200_2",109200,2025-12-30,1,2,"Promotion"
"P102196_1",102196,2026-01-16,1,2,"Promotion"
"P101963_1",101963,2017-10-17,1,2,"Promotion"
"P107964_1",107964,2018-05-23,1,2,"Promotion"
"P107964_2",107964,2022-03-23,1,2,"In-Level Progression"
"P103371_1",103371,2021-09-28,1,2,"Promotion"
"P107632_1",107632,2022-03-22,1,2,"In-Level Progression"
"P107013_1",107013,2024-06-13,1,2,"In-Level Progression"
"P105250_1",105250,2024-03-03,1,2,"Promotion"
"P108267_1",108267,2021-10-22,1,2,"Promotion"
"P109229_1",109229,2020-12-08,1,2,"Promotion"
"P109229_2",109229,2024-01-30,1,2,"Promotion"
"P104393_1",104393,2021-04-29,1,2,"Promotion"
"P103572_1",103572,2021-10-23,1,2,"Promotion"
"P109727_1",109727,2024-09-06,1,2,"In-Level Progression"
"P102983_1",102983,2020-10-19,1,2,"Promotion"
"P107491_1",107491,2022-10-23,1,2,"Promotion"
"P107491_2",107491,2023-06-12,1,2,"Promotion"
"P103252_1",103252,2021-08-25,1,2,"Promotion"
"P108851_1",108851,2023-08-28,1,2,"Promotion"
"P109428_1",109428,2024-10-29,1,2,"Promotion"
"P105922_1",105922,2023-10-26,1,2,"In-Level Progression"
"P106445_1",106445,2024-11-19,1,2,"Promotion"
"P101368_1",101368,2025-10-14,1,2,"Promotion"
"P100329_1",100329,2025-03-14,1,2,"Promotion"
"P100030_1",100030,2025-08-10,1,2,"Promotion"
"P107331_1",107331,2025-02-22,1,2,"Promotion"
"P109493_1",109493,2017-07-26,1,2,"Promotion"
"P107177_1",107177,2019-12-25,1,2,"Promotion"
"P109770_1",109770,2015-05-06,1,2,"Promotion"
"P101974_1",101974,2019-10-02,1,2,"Promotion"
"P101974_2",101974,2023-08-15,1,2,"Promotion"
"P104990_1",104990,2022-07-23,1,2,"Promotion"
"P104001_1",104001,2019-03-16,1,2,"Promotion"
"P103935_1",103935,2015-09-26,1,2,"Promotion"
"P107996_1",107996,2022-02-09,1,2,"In-Level Progression"
"P105107_1",105107,2022-07-26,1,2,"Promotion"
"P106635_1",106635,2021-08-13,1,2,"In-Level Progression"
"P107576_1",107576,2023-02-12,1,2,"In-Level Progression"
"P105918_1",105918,2016-01-23,1,2,"Promotion"
"P107646_1",107646,2019-08-18,1,2,"Promotion"
"P107118_1",107118,2017-07-06,1,2,"Promotion"
"P108981_1",108981,2023-07-07,1,2,"In-Level Progression"
"P107149_1",107149,2018-09-06,1,2,"Promotion"
"P100045_1",100045,2024-09-20,1,2,"Promotion"
"P107826_1",107826,2023-10-03,1,2,"Promotion"
"P102717_1",102717,2018-02-28,1,2,"Promotion"
"P100885_1",100885,2021-08-14,1,2,"Promotion"
"P107873_1",107873,2025-03-31,1,2,"In-Level Progression"
"P103897_1",103897,2021-03-22,1,2,"In-Level Progression"
"P104265_1",104265,2022-11-23,1,2,"In-Level Progression"
"P102284_1",102284,2024-07-01,1,2,"Promotion"
"P107772_1",107772,2020-12-31,1,2,"Promotion"
"P107772_2",107772,2021-09-12,1,2,"Promotion"
"P104881_1",104881,2021-07-27,1,2,"In-Level Progression"
"P105564_1",105564,2020-01-15,1,2,"Promotion"
"P101105_1",101105,2021-01-19,1,2,"Promotion"
"P109540_1",109540,2020-10-03,1,2,"Promotion"
"P108927_1",108927,2019-02-16,1,2,"In-Level Progression"
"P100181_1",100181,2022-08-13,1,2,"Promotion"
"P107556_1",107556,2023-01-28,1,2,"Promotion"
"P101256_1",101256,2021-04-02,1,2,"Promotion"
"P108659_1",108659,2023-03-27,1,2,"Promotion"
"P103742_1",103742,2026-01-25,1,2,"In-Level Progression"
"P103837_1",103837,2024-04-23,1,2,"Promotion"
"P103253_1",103253,2020-11-29,1,2,"Promotion"
"P103253_2",103253,2026-01-28,1,2,"Promotion"
"P105951_1",105951,2022-09-28,1,2,"Promotion"
"P107045_1",107045,2023-07-21,1,2,"Promotion"
"P108899_1",108899,2023-03-12,1,2,"Promotion"
"P105252_1",105252,2023-10-26,1,2,"Promotion"
"P107645_1",107645,2025-07-05,1,2,"Promotion"
"P102356_1",102356,2023-08-24,1,2,"Promotion"
"P106110_1",106110,2020-12-22,1,2,"In-Level Progression"
"P106110_2",106110,2021-09-24,1,2,"Promotion"
"P105826_1",105826,2021-04-02,1,2,"Promotion"
"P104458_1",104458,2023-01-13,1,2,"Promotion"
"P107001_1",107001,2023-12-22,1,2,"In-Level Progression"
"P107001_2",107001,2025-03-08,1,2,"In-Level Progression"
"P104069_1",104069,2023-12-26,1,2,"Promotion"
"P109896_1",109896,2024-08-16,1,2,"Promotion"
"P101462_1",101462,2025-09-06,1,2,"In-Level Progression"
"P107399_1",107399,2022-07-03,1,2,"Promotion"
"P108797_1",108797,2023-12-03,1,2,"Promotion"
"P109353_1",109353,2024-10-02,1,2,"Promotion"
"P109035_1",109035,2025-01-30,1,2,"In-Level Progression"
"P101602_1",101602,2023-12-16,1,2,"Promotion"
"P101949_1",101949,2022-11-15,1,2,"Promotion"
"P109146_1",109146,2024-09-28,1,2,"Promotion"
"P106744_1",106744,2025-11-22,1,2,"Promotion"
"P108459_1",108459,2024-12-19,1,2,"In-Level Progression"
"P106472_1",106472,2024-01-07,1,2,"Promotion"
"P109347_1",109347,2023-04-21,1,2,"Promotion"
"P106474_1",106474,2024-12-07,1,2,"Promotion"
"P106474_2",106474,2025-08-16,1,2,"Promotion"
"P101697_1",101697,2024-03-30,1,2,"Promotion"
"P105633_1",105633,2023-04-07,1,2,"Promotion"
"P107219_1",107219,2025-11-05,1,2,"Promotion"
"P106998_1",106998,2024-09-05,1,2,"In-Level Progression"
"P106236_1",106236,2023-09-21,1,2,"Promotion"
"P100077_1",100077,2024-08-27,1,2,"In-Level Progression"
"P109513_1",109513,2024-08-17,1,2,"Promotion"
"P109326_1",109326,2024-02-06,1,2,"Promotion"
"P108287_1",108287,2025-07-23,1,2,"In-Level Progression"
"P105560_1",105560,2025-05-01,1,2,"Promotion"
"P105056_1",105056,2024-07-25,1,2,"Promotion"
"P106298_1",106298,2025-02-16,1,2,"Promotion"
"P108803_1",108803,2025-11-27,1,2,"In-Level Progression"
"P102994_1",102994,2025-01-04,1,2,"Promotion"
"P104290_1",104290,2026-01-09,1,2,"Promotion"
"P101251_1",101251,2025-07-19,1,2,"Promotion"
"P109550_1",109550,2025-02-03,1,2,"Promotion"
"P105608_1",105608,2025-04-07,1,2,"Promotion"
"P103873_1",103873,2025-12-07,1,2,"Promotion"
"P100555_1",100555,2025-07-02,1,2,"Promotion"
"P101703_1",101703,2016-07-13,1,2,"Promotion"
"P101703_2",101703,2016-09-27,1,2,"In-Level Progression"
"P106578_1",106578,2023-02-08,1,2,"In-Level Progression"
"P105987_1",105987,2018-04-18,1,2,"Promotion"
"P103391_1",103391,2025-03-29,1,2,"Promotion"
"P106374_1",106374,2019-03-09,1,2,"Promotion"
"P106374_2",106374,2024-09-16,1,2,"Promotion"
"P108569_1",108569,2014-09-21,1,2,"Promotion"
"P103532_1",103532,2020-04-09,1,2,"Promotion"
"P102613_1",102613,2018-01-26,1,2,"Promotion"
"P102613_2",102613,2024-09-02,1,2,"In-Level Progression"
"P102187_1",102187,2015-01-31,1,2,"Promotion"
"P104608_1",104608,2016-03-27,1,2,"In-Level Progression"
"P103692_1",103692,2017-03-27,1,2,"Promotion"
"P107617_1",107617,2019-01-10,1,2,"Promotion"
"P102146_1",102146,2023-12-01,1,2,"Promotion"
"P105002_1",105002,2019-08-26,1,2,"Promotion"
"P102300_1",102300,2025-08-13,1,2,"Promotion"
"P107160_1",107160,2025-02-10,1,2,"In-Level Progression"
"P107160_2",107160,2025-11-29,1,2,"In-Level Progression"
"P105207_1",105207,2017-03-02,1,2,"In-Level Progression"
"P102742_1",102742,2016-01-31,1,2,"Promotion"
"P109351_1",109351,2021-12-22,1,2,"Promotion"
"P108578_1",108578,2023-08-27,1,2,"Promotion"
"P101160_1",101160,2017-08-20,1,2,"Promotion"
"P106640_1",106640,2016-12-01,1,2,"Promotion"
"P106640_2",106640,2023-08-10,1,2,"Promotion"
"P100126_1",100126,2021-04-08,1,2,"Promotion"
"P105262_1",105262,2021-10-28,1,2,"Promotion"
"P101569_1",101569,2020-04-05,1,2,"In-Level Progression"
"P102706_1",102706,2025-08-13,1,2,"Promotion"
"P103036_1",103036,2017-08-12,1,2,"Promotion"
"P106882_1",106882,2017-03-28,1,2,"Promotion"
"P107741_1",107741,2020-05-26,1,2,"Promotion"
"P108881_1",108881,2017-03-18,1,2,"In-Level Progression"
"P108881_2",108881,2017-08-02,1,2,"Promotion"
"P107722_1",107722,2021-03-22,1,2,"In-Level Progression"
"P101707_1",101707,2024-10-17,1,2,"Promotion"
"P101707_2",101707,2025-03-21,1,2,"Promotion"
"P103464_1",103464,2020-01-07,1,2,"Promotion"
"P109709_1",109709,2019-12-16,1,2,"In-Level Progression"
"P109382_1",109382,2021-07-30,1,2,"Promotion"
"P109382_2",109382,2022-12-12,1,2,"In-Level Progression"
"P105077_1",105077,2025-09-04,1,2,"In-Level Progression"
"P109018_1",109018,2019-01-09,1,2,"In-Level Progression"
"P106395_1",106395,2021-05-13,1,2,"Promotion"
"P100296_1",100296,2023-08-31,1,2,"Promotion"
"P103875_1",103875,2022-09-01,1,2,"In-Level Progression"
"P107900_1",107900,2020-05-28,1,2,"In-Level Progression"
"P102900_1",102900,2021-09-25,1,2,"Promotion"
"P100082_1",100082,2018-07-04,1,2,"Promotion"
"P109446_1",109446,2025-11-16,1,2,"In-Level Progression"
"P103803_1",103803,2021-12-23,1,2,"Promotion"
"P109983_1",109983,2020-09-12,1,2,"In-Level Progression"
"P108250_1",108250,2019-09-05,1,2,"In-Level Progression"
"P108250_2",108250,2020-06-03,1,2,"Promotion"
"P102992_1",102992,2021-09-24,1,2,"Promotion"
"P103222_1",103222,2023-02-01,1,2,"Promotion"
"P107906_1",107906,2018-04-09,1,2,"Promotion"
"P106031_1",106031,2021-06-19,1,2,"Promotion"
"P101253_1",101253,2020-09-30,1,2,"In-Level Progression"
"P106902_1",106902,2025-03-12,1,2,"Promotion"
"P108637_1",108637,2025-09-06,1,2,"In-Level Progression"
"P108378_1",108378,2021-08-10,1,2,"Promotion"
"P108674_1",108674,2019-11-01,1,2,"In-Level Progression"
"P104491_1",104491,2022-02-14,1,2,"In-Level Progression"
"P100898_1",100898,2024-03-01,1,2,"In-Level Progression"
"P104953_1",104953,2020-08-13,1,2,"Promotion"
"P104953_2",104953,2025-11-11,1,2,"Promotion"
"P108397_1",108397,2021-06-28,1,2,"Promotion"
"P105579_1",105579,2020-07-27,1,2,"Promotion"
"P105686_1",105686,2021-09-21,1,2,"Promotion"
"P103638_1",103638,2023-04-01,1,2,"Promotion"
"P101166_1",101166,2024-01-23,1,2,"Promotion"
"P100478_1",100478,2021-09-27,1,2,"Promotion"
"P106122_1",106122,2021-06-13,1,2,"In-Level Progression"
"P105921_1",105921,2020-05-01,1,2,"Promotion"
"P105925_1",105925,2022-07-15,1,2,"Promotion"
"P102143_1",102143,2025-10-05,1,2,"Promotion"
"P104590_1",104590,2021-07-08,1,2,"In-Level Progression"
"P104590_2",104590,2025-03-11,1,2,"Promotion"
"P104288_1",104288,2020-10-23,1,2,"Promotion"
"P106978_1",106978,2022-07-15,1,2,"Promotion"
"P104480_1",104480,2025-06-28,1,2,"In-Level Progression"
"P104057_1",104057,2025-09-01,1,2,"In-Level Progression"
"P108641_1",108641,2023-09-11,1,2,"Promotion"
"P108641_2",108641,2024-01-19,1,2,"In-Level Progression"
"P105568_1",105568,2021-02-02,1,2,"Promotion"
"P105568_2",105568,2022-09-06,1,2,"Promotion"
"P103132_1",103132,2023-03-25,1,2,"In-Level Progression"
"P103132_2",103132,2024-04-26,1,2,"Promotion"
"P107295_1",107295,2025-09-30,1,2,"Promotion"
"P105103_1",105103,2024-08-11,1,2,"Promotion"
"P106408_1",106408,2023-04-25,1,2,"Promotion"
"P103905_1",103905,2021-03-14,1,2,"Promotion"
"P103167_1",103167,2021-05-17,1,2,"Promotion"
"P103167_2",103167,2022-03-13,1,2,"Promotion"
"P107554_1",107554,2024-12-01,1,2,"Promotion"
"P105032_1",105032,2025-03-18,1,2,"In-Level Progression"
"P105760_1",105760,2022-09-05,1,2,"Promotion"
"P104235_1",104235,2022-01-17,1,2,"Promotion"
"P104845_1",104845,2025-08-10,1,2,"Promotion"
"P100198_1",100198,2021-11-11,1,2,"In-Level Progression"
"P107109_1",107109,2025-07-24,1,2,"Promotion"
"P105309_1",105309,2025-07-02,1,2,"Promotion"
"P102002_1",102002,2022-06-14,1,2,"Promotion"
"P104665_1",104665,2022-08-03,1,2,"Promotion"
"P101430_1",101430,2024-01-01,1,2,"Promotion"
"P103785_1",103785,2023-08-31,1,2,"In-Level Progression"
"P104795_1",104795,2025-11-08,1,2,"Promotion"
"P101351_1",101351,2022-06-18,1,2,"In-Level Progression"
"P101351_2",101351,2023-11-07,1,2,"Promotion"
"P101990_1",101990,2023-03-03,1,2,"Promotion"
"P108801_1",108801,2023-05-25,1,2,"In-Level Progression"
"P108269_1",108269,2025-06-29,1,2,"Promotion"
"P102183_1",102183,2024-09-12,1,2,"Promotion"
"P107636_1",107636,2024-12-15,1,2,"Promotion"
"P107636_2",107636,2025-07-18,1,2,"In-Level Progression"
"P104874_1",104874,2024-05-28,1,2,"In-Level Progression"
"P101288_1",101288,2025-03-13,1,2,"Promotion"
"P105544_1",105544,2025-04-20,1,2,"Promotion"
"P101446_1",101446,2025-08-17,1,2,"Promotion"
"P100785_1",100785,2025-02-03,1,2,"Promotion"
"P104384_1",104384,2024-02-12,1,2,"In-Level Progression"
"P102191_1",102191,2025-06-24,1,2,"Promotion"
"P109000_1",109000,2024-06-02,1,2,"Promotion"
"P108122_1",108122,2025-03-21,1,2,"Promotion"
"P108122_2",108122,2025-06-21,1,2,"Promotion"
"P106353_1",106353,2025-07-12,1,2,"In-Level Progression"
"P105143_1",105143,2024-11-25,1,2,"Promotion"
"P101126_1",101126,2024-12-09,1,2,"In-Level Progression"
"P102663_1",102663,2024-12-04,1,2,"Promotion"
"P102663_2",102663,2026-01-16,1,2,"Promotion"
"P109001_1",109001,2024-05-01,1,2,"Promotion"
"P107287_1",107287,2025-02-18,1,2,"In-Level Progression"
"P105541_1",105541,2024-08-16,1,2,"Promotion"
"P105541_2",105541,2025-09-27,1,2,"Promotion"
"P105790_1",105790,2025-01-04,1,2,"Promotion"
"P105717_1",105717,2024-09-16,1,2,"Promotion"
"P107523_1",107523,2025-10-29,1,2,"Promotion"
"P100589_1",100589,2024-11-13,1,2,"In-Level Progression"
"P106372_1",106372,2024-10-31,1,2,"Promotion"
"P103141_1",103141,2025-12-04,1,2,"Promotion"
"P105503_1",105503,2025-03-11,1,2,"Promotion"
"P106907_1",106907,2026-01-01,1,2,"Promotion"
"P109828_1",109828,2025-12-30,1,2,"Promotion"
"P100435_1",100435,2025-11-05,1,2,"Promotion"
"P100435_2",100435,2025-12-24,1,2,"Promotion"
"P107283_1",107283,2020-08-22,1,2,"Promotion"
"P105605_1",105605,2019-02-16,1,2,"Promotion"
"P107277_1",107277,2020-07-08,1,2,"Promotion"
"P104137_1",104137,2019-02-13,1,2,"Promotion"
"P105253_1",105253,2016-03-07,1,2,"Promotion"
"P101914_1",101914,2024-10-14,1,2,"Promotion"
"P106124_1",106124,2017-08-17,1,2,"In-Level Progression"
"P100584_1",100584,2017-05-22,1,2,"In-Level Progression"
"P102918_1",102918,2022-08-11,1,2,"Promotion"
"P101322_1",101322,2023-11-11,1,2,"Promotion"
"P108319_1",108319,2022-08-24,1,2,"Promotion"
"P108932_1",108932,2025-06-23,1,2,"Promotion"
"P102266_1",102266,2024-06-27,1,2,"Promotion"
"P106753_1",106753,2025-01-17,1,2,"Promotion"
"P106643_1",106643,2024-11-04,1,2,"In-Level Progression"
"P104855_1",104855,2024-12-24,1,2,"Promotion"
"P102993_1",102993,2024-12-17,1,1,"Promotion"
"P104255_1",104255,2025-07-23,1,1,"Promotion"
"P103112_1",103112,2017-04-07,1,1,"Promotion"
"P102273_1",102273,2018-07-25,1,1,"In-Level Progression"
"P104404_1",104404,2015-05-11,1,1,"Promotion"
"P109483_1",109483,2014-11-01,1,1,"Promotion"
"P101031_1",101031,2021-06-27,1,1,"Promotion"
"P100348_1",100348,2016-05-18,1,1,"Promotion"
"P107846_1",107846,2020-01-05,1,1,"In-Level Progression"
"P107846_2",107846,2025-09-15,1,1,"Promotion"
"P106799_1",106799,2014-12-05,1,1,"Promotion"
"P100961_1",100961,2025-07-01,1,1,"Promotion"
"P108176_1",108176,2016-07-13,1,1,"In-Level Progression"
"P108227_1",108227,2024-12-08,1,1,"In-Level Progression"
"P103641_1",103641,2019-04-05,1,1,"In-Level Progression"
"P106146_1",106146,2018-02-12,1,1,"Promotion"
"P108759_1",108759,2016-02-18,1,1,"Promotion"
"P108759_2",108759,2025-08-13,1,1,"Promotion"
"P106748_1",106748,2023-08-03,1,1,"Promotion"
"P104983_1",104983,2016-07-05,1,1,"Promotion"
"P105671_1",105671,2015-05-19,1,1,"Promotion"
"P109195_1",109195,2025-10-31,1,1,"Promotion"
"P105688_1",105688,2023-09-02,1,1,"In-Level Progression"
"P107543_1",107543,2023-04-06,1,1,"Promotion"
"P109953_1",109953,2017-06-11,1,1,"Promotion"
"P105134_1",105134,2019-03-18,1,1,"In-Level Progression"
"P108901_1",108901,2021-05-18,1,1,"In-Level Progression"
"P101274_1",101274,2023-01-17,1,1,"Promotion"
"P105019_1",105019,2017-03-29,1,1,"Promotion"
"P104024_1",104024,2017-11-21,1,1,"Promotion"
"P101400_1",101400,2016-07-29,1,1,"Promotion"
"P101400_2",101400,2024-09-27,1,1,"Promotion"
"P100038_1",100038,2019-11-14,1,1,"Promotion"
"P101837_1",101837,2019-09-21,1,1,"In-Level Progression"
"P101203_1",101203,2020-03-12,1,1,"Promotion"
"P101194_1",101194,2021-10-05,1,1,"Promotion"
"P101194_2",101194,2022-09-24,1,1,"In-Level Progression"
"P105848_1",105848,2020-08-01,1,1,"Promotion"
"P106791_1",106791,2017-10-03,1,1,"Promotion"
"P104171_1",104171,2017-09-04,1,1,"In-Level Progression"
"P106680_1",106680,2023-01-16,1,1,"Promotion"
"P107390_1",107390,2018-12-14,1,1,"Promotion"
"P101583_1",101583,2017-07-18,1,1,"Promotion"
"P100658_1",100658,2018-02-01,1,1,"Promotion"
"P100658_2",100658,2021-04-30,1,1,"Promotion"
"P106141_1",106141,2023-04-08,1,1,"Promotion"
"P104545_1",104545,2025-01-16,1,1,"In-Level Progression"
"P104490_1",104490,2024-11-04,1,1,"Promotion"
"P106123_1",106123,2021-08-12,1,1,"In-Level Progression"
"P107317_1",107317,2021-02-03,1,1,"In-Level Progression"
"P108570_1",108570,2025-09-17,1,1,"In-Level Progression"
"P104654_1",104654,2018-09-07,1,1,"Promotion"
"P104654_2",104654,2023-05-23,1,1,"Promotion"
"P104303_1",104303,2022-01-24,1,1,"Promotion"
"P102841_1",102841,2023-05-11,1,1,"Promotion"
"P104302_1",104302,2022-04-07,1,1,"Promotion"
"P108618_1",108618,2019-08-02,1,1,"Promotion"
"P108234_1",108234,2024-01-04,1,1,"Promotion"
"P103365_1",103365,2024-05-15,1,1,"In-Level Progression"
"P101165_1",101165,2020-02-13,1,1,"Promotion"
"P105230_1",105230,2024-05-22,1,1,"Promotion"
"P103055_1",103055,2020-05-10,1,1,"Promotion"
"P103055_2",103055,2025-09-30,1,1,"Promotion"
"P107241_1",107241,2025-05-08,1,1,"Promotion"
"P103295_1",103295,2022-04-24,1,1,"In-Level Progression"
"P101139_1",101139,2025-01-29,1,1,"Promotion"
"P109119_1",109119,2019-01-26,1,1,"Promotion"
"P109119_2",109119,2021-09-11,1,1,"Promotion"
"P101056_1",101056,2019-04-03,1,1,"Promotion"
"P102049_1",102049,2022-07-25,1,1,"Promotion"
"P100620_1",100620,2018-12-10,1,1,"Promotion"
"P106853_1",106853,2021-12-20,1,1,"Promotion"
"P107123_1",107123,2025-02-28,1,1,"In-Level Progression"
"P107536_1",107536,2020-05-14,1,1,"Promotion"
"P108281_1",108281,2020-04-26,1,1,"In-Level Progression"
"P102654_1",102654,2022-12-11,1,1,"Promotion"
"P105033_1",105033,2022-06-01,1,1,"Promotion"
"P100211_1",100211,2025-11-08,1,1,"Promotion"
"P102623_1",102623,2021-01-29,1,1,"Promotion"
"P102623_2",102623,2024-07-23,1,1,"Promotion"
"P108511_1",108511,2022-10-29,1,1,"Promotion"
"P106263_1",106263,2023-05-15,1,1,"In-Level Progression"
"P106227_1",106227,2025-08-14,1,1,"In-Level Progression"
"P105281_1",105281,2023-06-21,1,1,"Promotion"
"P108298_1",108298,2019-09-24,1,1,"Promotion"
"P105813_1",105813,2019-07-04,1,1,"Promotion"
"P105813_2",105813,2020-06-29,1,1,"Promotion"
"P100918_1",100918,2020-02-03,1,1,"Promotion"
"P102658_1",102658,2023-08-31,1,1,"Promotion"
"P106923_1",106923,2021-08-22,1,1,"Promotion"
"P102116_1",102116,2020-04-29,1,1,"Promotion"
"P108653_1",108653,2025-08-27,1,1,"In-Level Progression"
"P103013_1",103013,2024-08-24,1,1,"Promotion"
"P100159_1",100159,2022-09-22,1,1,"Promotion"
"P109328_1",109328,2024-05-27,1,1,"Promotion"
"P106412_1",106412,2023-12-07,1,1,"Promotion"
"P108466_1",108466,2020-11-19,1,1,"Promotion"
"P101677_1",101677,2025-06-12,1,1,"Promotion"
"P100515_1",100515,2022-08-03,1,1,"In-Level Progression"
"P100515_2",100515,2023-01-18,1,1,"Promotion"
"P102212_1",102212,2024-12-11,1,1,"Promotion"
"P106781_1",106781,2023-07-11,1,1,"In-Level Progression"
"P107788_1",107788,2022-04-10,1,1,"In-Level Progression"
"P106468_1",106468,2022-05-17,1,1,"Promotion"
"P100102_1",100102,2022-07-06,1,1,"Promotion"
"P109232_1",109232,2023-01-22,1,1,"Promotion"
"P102122_1",102122,2022-01-13,1,1,"Promotion"
"P105678_1",105678,2024-06-27,1,1,"In-Level Progression"
"P103580_1",103580,2021-04-06,1,1,"Promotion"
"P103580_2",103580,2024-06-18,1,1,"Promotion"
"P108900_1",108900,2021-08-17,1,1,"Promotion"
"P108564_1",108564,2024-12-16,1,1,"Promotion"
"P109629_1",109629,2024-10-05,1,1,"Promotion"
"P103916_1",103916,2024-04-14,1,1,"Promotion"
"P109752_1",109752,2024-12-12,1,1,"Promotion"
"P102301_1",102301,2023-12-04,1,1,"Promotion"
"P102703_1",102703,2025-04-23,1,1,"Promotion"
"P100498_1",100498,2021-07-31,1,1,"Promotion"
"P106340_1",106340,2024-04-01,1,1,"In-Level Progression"
"P105601_1",105601,2024-06-12,1,1,"Promotion"
"P107612_1",107612,2025-03-20,1,1,"In-Level Progression"
"P103421_1",103421,2023-12-18,1,1,"Promotion"
"P100434_1",100434,2022-10-27,1,1,"In-Level Progression"
"P104957_1",104957,2024-09-05,1,1,"In-Level Progression"
"P108530_1",108530,2022-05-07,1,1,"Promotion"
"P107423_1",107423,2023-10-21,1,1,"In-Level Progression"
"P107423_2",107423,2023-11-02,1,1,"Promotion"
"P109619_1",109619,2024-08-14,1,1,"Promotion"
"P103592_1",103592,2022-02-28,1,1,"Promotion"
"P102555_1",102555,2023-07-19,1,1,"In-Level Progression"
"P108226_1",108226,2023-08-27,1,1,"Promotion"
"P105792_1",105792,2022-03-25,1,1,"In-Level Progression"
"P109081_1",109081,2023-06-17,1,1,"Promotion"
"P100604_1",100604,2023-12-21,1,1,"Promotion"
"P109570_1",109570,2025-02-06,1,1,"In-Level Progression"
"P109634_1",109634,2022-12-09,1,1,"Promotion"
"P106527_1",106527,2023-03-21,1,1,"Promotion"
"P105188_1",105188,2022-11-24,1,1,"Promotion"
"P105836_1",105836,2025-04-08,1,1,"Promotion"
"P106803_1",106803,2023-12-09,1,1,"In-Level Progression"
"P103064_1",103064,2023-08-16,1,1,"Promotion"
"P102624_1",102624,2025-12-08,1,1,"In-Level Progression"
"P100897_1",100897,2024-02-20,1,1,"In-Level Progression"
"P106903_1",106903,2026-01-18,1,1,"Promotion"
"P107977_1",107977,2023-09-17,1,1,"Promotion"
"P107977_2",107977,2025-05-17,1,1,"In-Level Progression"
"P108064_1",108064,2024-09-05,1,1,"Promotion"
"P108064_2",108064,2024-09-29,1,1,"Promotion"
"P100798_1",100798,2024-04-06,1,1,"Promotion"
"P100798_2",100798,2024-08-06,1,1,"Promotion"
"P100304_1",100304,2024-08-19,1,1,"Promotion"
"P104261_1",104261,2023-12-12,1,1,"Promotion"
"P103561_1",103561,2023-12-03,1,1,"Promotion"
"P104113_1",104113,2025-12-26,1,1,"Promotion"
"P102236_1",102236,2025-06-19,1,1,"Promotion"
"P104643_1",104643,2024-05-14,1,1,"Promotion"
"P108520_1",108520,2024-11-25,1,1,"In-Level Progression"
"P103511_1",103511,2024-12-01,1,1,"Promotion"
"P109484_1",109484,2025-01-24,1,1,"Promotion"
"P106169_1",106169,2024-02-27,1,1,"Promotion"
"P106169_2",106169,2025-10-11,1,1,"Promotion"
"P105815_1",105815,2025-08-17,1,1,"Promotion"
"P106809_1",106809,2025-12-17,1,1,"In-Level Progression"
"P101623_1",101623,2024-02-06,1,1,"In-Level Progression"
"P101623_2",101623,2024-07-06,1,1,"Promotion"
"P106712_1",106712,2024-04-02,1,1,"In-Level Progression"
"P107209_1",107209,2025-02-25,1,1,"In-Level Progression"
"P107810_1",107810,2024-12-28,1,1,"Promotion"
"P108775_1",108775,2024-03-22,1,1,"Promotion"
"P101338_1",101338,2025-10-18,1,1,"Promotion"
"P106511_1",106511,2024-06-24,1,1,"Promotion"
"P108231_1",108231,2024-08-04,1,1,"Promotion"
"P101839_1",101839,2024-11-09,1,1,"Promotion"
"P100352_1",100352,2025-10-13,1,1,"Promotion"
"P104532_1",104532,2024-07-12,1,1,"Promotion"
"P109972_1",109972,2025-01-17,1,1,"Promotion"
"P109972_2",109972,2025-04-07,1,1,"Promotion"
"P101162_1",101162,2025-01-07,1,1,"Promotion"
"P104411_1",104411,2024-06-01,1,1,"In-Level Progression"
"P102109_1",102109,2025-08-16,1,1,"In-Level Progression"
"P100663_1",100663,2024-06-12,1,1,"Promotion"
"P100663_2",100663,2025-09-23,1,1,"Promotion"
"P104745_1",104745,2024-07-05,1,1,"Promotion"
"P109167_1",109167,2025-07-07,1,1,"In-Level Progression"
"P102395_1",102395,2024-10-01,1,1,"In-Level Progression"
"P102378_1",102378,2025-11-12,1,1,"Promotion"
"P102821_1",102821,2025-03-17,1,1,"Promotion"
"P109719_1",109719,2025-08-23,1,1,"Promotion"
"P104172_1",104172,2025-04-03,1,1,"In-Level Progression"
"P100533_1",100533,2024-11-16,1,1,"Promotion"
"P106961_1",106961,2025-11-29,1,1,"Promotion"
"P106672_1",106672,2025-07-15,1,1,"In-Level Progression"
"P109231_1",109231,2026-01-07,1,1,"Promotion"
"P100656_1",100656,2025-07-21,1,1,"In-Level Progression"
"P108935_1",108935,2025-11-17,1,1,"Promotion"
"P100441_1",100441,2025-05-19,1,1,"In-Level Progression"
"P101388_1",101388,2025-08-02,1,1,"In-Level Progression"
"P108933_1",108933,2025-04-14,1,1,"Promotion"
"P103430_1",103430,2025-04-21,1,1,"Promotion"
"P106376_1",106376,2025-12-23,1,1,"Promotion"
"P107222_1",107222,2025-05-19,1,1,"In-Level Progression"
"P105003_1",105003,2025-06-22,1,1,"Promotion"
"P109372_1",109372,2025-08-01,1,1,"Promotion"
"P104397_1",104397,2025-08-15,1,1,"Promotion"
"P105313_1",105313,2016-04-21,1,1,"Promotion"
"P105313_2",105313,2025-04-30,1,1,"Promotion"
"P100736_1",100736,2025-03-08,1,1,"Promotion"
"P102945_1",102945,2021-11-07,1,1,"Promotion"
"P109732_1",109732,2016-05-19,1,1,"Promotion"
"P109732_2",109732,2016-07-11,1,1,"Promotion"
"P100602_1",100602,2025-05-24,1,1,"Promotion"
"P107441_1",107441,2017-05-13,1,1,"In-Level Progression"
"P107441_2",107441,2022-06-30,1,1,"Promotion"
"P108557_1",108557,2018-10-20,1,1,"In-Level Progression"
"P108885_1",108885,2020-08-25,1,1,"Promotion"
"P109474_1",109474,2023-12-28,1,1,"In-Level Progression"
"P102681_1",102681,2021-05-04,1,1,"Promotion"
"P102354_1",102354,2022-07-27,1,1,"Promotion"
"P102869_1",102869,2022-03-29,1,1,"Promotion"
"P102898_1",102898,2022-01-04,1,1,"Promotion"
"P105173_1",105173,2017-12-30,1,1,"Promotion"
"P106498_1",106498,2018-03-10,1,1,"Promotion"
"P103915_1",103915,2025-06-28,1,1,"In-Level Progression"
"P106440_1",106440,2020-10-27,1,1,"Promotion"
"P107573_1",107573,2019-11-22,1,1,"In-Level Progression"
"P103035_1",103035,2017-12-21,1,1,"Promotion"
"P107416_1",107416,2019-08-28,1,1,"Promotion"
"P105726_1",105726,2023-12-31,1,1,"Promotion"
"P104459_1",104459,2021-11-12,1,1,"Promotion"
"P107475_1",107475,2021-02-02,1,1,"Promotion"
"P100400_1",100400,2018-08-12,1,1,"Promotion"
"P100682_1",100682,2020-05-11,1,1,"Promotion"
"P109417_1",109417,2020-05-12,1,1,"Promotion"
"P101350_1",101350,2020-06-14,1,1,"In-Level Progression"
"P105271_1",105271,2019-02-19,1,1,"Promotion"
"P105271_2",105271,2022-09-15,1,1,"Promotion"
"P107083_1",107083,2021-03-18,1,1,"Promotion"
"P107204_1",107204,2024-07-14,1,1,"Promotion"
"P108726_1",108726,2020-04-21,1,1,"Promotion"
"P108559_1",108559,2020-09-27,1,1,"Promotion"
"P103458_1",103458,2024-05-09,1,1,"In-Level Progression"
"P106969_1",106969,2023-05-07,1,1,"Promotion"
"P105750_1",105750,2023-07-14,1,1,"Promotion"
"P105582_1",105582,2021-04-22,1,1,"Promotion"
"P101202_1",101202,2021-03-28,1,1,"In-Level Progression"
"P105416_1",105416,2022-03-03,1,1,"Promotion"
"P107952_1",107952,2022-01-22,1,1,"Promotion"
"P106752_1",106752,2021-10-18,1,1,"Promotion"
"P103380_1",103380,2023-11-21,1,1,"Promotion"
"P100699_1",100699,2021-09-25,1,1,"Promotion"
"P103891_1",103891,2023-11-30,1,1,"Promotion"
"P104170_1",104170,2024-10-02,1,1,"Promotion"
"P103471_1",103471,2024-04-13,1,1,"Promotion"
"P100436_1",100436,2025-11-22,1,1,"In-Level Progression"
"P100014_1",100014,2025-02-05,1,1,"In-Level Progression"
"P107505_1",107505,2022-08-16,1,1,"Promotion"
"P105820_1",105820,2022-12-03,1,1,"Promotion"
"P101396_1",101396,2025-02-11,1,1,"In-Level Progression"
"P102749_1",102749,2023-11-15,1,1,"Promotion"
"P108242_1",108242,2023-12-22,1,1,"Promotion"
"P107011_1",107011,2026-01-10,1,1,"In-Level Progression"
"P106257_1",106257,2024-01-03,1,1,"Promotion"
"P103741_1",103741,2025-12-18,1,1,"In-Level Progression"
"P103809_1",103809,2025-08-06,1,1,"Promotion"
"P109293_1",109293,2024-11-25,1,1,"In-Level Progression"
"P106161_1",106161,2024-11-26,1,1,"In-Level Progression"
"P103576_1",103576,2025-06-22,1,1,"Promotion"
"P102547_1",102547,2025-01-26,1,1,"Promotion"
"P103765_1",103765,2025-06-11,1,1,"Promotion"
"P101305_1",101305,2025-10-05,1,1,"Promotion"
"P109806_1",109806,2021-01-17,1,1,"Promotion"
"P105980_1",105980,2014-09-17,1,1,"Promotion"
"P102856_1",102856,2023-12-15,1,1,"Promotion"
"P105153_1",105153,2025-06-05,1,1,"In-Level Progression"
"P109937_1",109937,2015-12-27,1,1,"Promotion"
"P109937_2",109937,2017-07-12,1,1,"Promotion"
"P109622_1",109622,2015-06-21,1,1,"Promotion"
"P109622_2",109622,2022-10-12,1,1,"Promotion"
"P100812_1",100812,2024-07-15,1,1,"In-Level Progression"
"P109109_1",109109,2019-11-22,1,1,"In-Level Progression"
"P101457_1",101457,2023-11-11,1,1,"In-Level Progression"
"P106669_1",106669,2020-10-22,1,1,"Promotion"
"P104839_1",104839,2024-06-26,1,1,"Promotion"
"P105542_1",105542,2025-09-24,1,1,"Promotion"
"P100869_1",100869,2018-09-05,1,1,"In-Level Progression"
"P102255_1",102255,2023-05-03,1,1,"Promotion"
"P104496_1",104496,2022-11-04,1,1,"Promotion"
"P106142_1",106142,2020-09-30,1,1,"Promotion"
"P102540_1",102540,2019-12-30,1,1,"In-Level Progression"
"P103984_1",103984,2021-05-04,1,1,"Promotion"
"P103984_2",103984,2024-03-17,1,1,"In-Level Progression"
"P102232_1",102232,2017-07-26,1,1,"In-Level Progression"
"P104581_1",104581,2025-04-21,1,1,"Promotion"
"P102545_1",102545,2018-05-26,1,1,"Promotion"
"P104042_1",104042,2023-12-18,1,1,"Promotion"
"P105995_1",105995,2024-07-13,1,1,"Promotion"
"P104449_1",104449,2023-06-26,1,1,"Promotion"
"P108821_1",108821,2021-09-17,1,1,"Promotion"
"P108379_1",108379,2022-11-08,1,1,"Promotion"
"P101591_1",101591,2024-04-05,1,1,"Promotion"
"P104352_1",104352,2024-04-09,1,1,"In-Level Progression"
"P102198_1",102198,2020-01-25,1,1,"Promotion"
"P102606_1",102606,2019-12-23,1,1,"Promotion"
"P102606_2",102606,2021-03-30,1,1,"Promotion"
"P105892_1",105892,2024-11-06,1,1,"Promotion"
"P101394_1",101394,2025-11-29,1,1,"Promotion"
"P107179_1",107179,2020-07-29,1,1,"In-Level Progression"
"P104886_1",104886,2025-04-24,1,1,"Promotion"
"P100649_1",100649,2020-11-15,1,1,"Promotion"
"P100473_1",100473,2020-12-07,1,1,"Promotion"
"P100473_2",100473,2021-11-12,1,1,"Promotion"
"P107827_1",107827,2023-09-01,1,1,"Promotion"
"P107443_1",107443,2025-08-12,1,1,"Promotion"
"P100557_1",100557,2022-02-03,1,1,"Promotion"
"P102427_1",102427,2024-02-27,1,1,"Promotion"
"P106937_1",106937,2023-11-22,1,1,"Promotion"
"P109256_1",109256,2025-01-15,1,1,"In-Level Progression"
"P109256_2",109256,2025-02-01,1,1,"Promotion"
"P100242_1",100242,2022-08-14,1,1,"In-Level Progression"
"P108245_1",108245,2025-04-05,1,1,"Promotion"
"P102765_1",102765,2023-03-17,1,1,"Promotion"
"P103178_1",103178,2023-01-16,1,1,"Promotion"
"P105672_1",105672,2025-03-21,1,1,"Promotion"
"P106942_1",106942,2024-11-27,1,1,"Promotion"
"P102426_1",102426,2024-08-28,1,1,"In-Level Progression"
"P100696_1",100696,2025-08-09,1,1,"Promotion"
"P109861_1",109861,2023-09-06,1,1,"Promotion"
"P105088_1",105088,2024-12-14,1,1,"Promotion"
"P109918_1",109918,2023-10-19,1,1,"Promotion"
"P107124_1",107124,2024-06-22,1,1,"Promotion"
"P105463_1",105463,2025-09-03,1,1,"Promotion"
"P103441_1",103441,2024-11-05,1,1,"Promotion"
"P109671_1",109671,2025-08-05,1,1,"In-Level Progression"
"P100081_1",100081,2025-12-16,1,1,"In-Level Progression"
"P104902_1",104902,2025-06-30,1,1,"Promotion"
"P109134_1",109134,2025-08-19,1,1,"In-Level Progression"
"P106087_1",106087,2019-03-04,1,1,"Promotion"
"P108587_1",108587,2016-08-31,1,1,"Promotion"
"P104093_1",104093,2016-05-31,1,1,"In-Level Progression"
"P102532_1",102532,2020-06-06,1,1,"In-Level Progression"
"P102130_1",102130,2018-05-19,1,1,"Promotion"
"P102271_1",102271,2017-10-10,1,1,"Promotion"
"P109526_1",109526,2019-12-30,1,1,"In-Level Progression"
"P107006_1",107006,2023-03-21,1,1,"Promotion"
"P101468_1",101468,2022-06-22,1,1,"In-Level Progression"
"P102890_1",102890,2020-03-16,1,1,"Promotion"
"P101808_1",101808,2018-04-01,1,1,"Promotion"
"P109385_1",109385,2022-10-31,1,1,"Promotion"
"P101265_1",101265,2018-11-24,1,1,"Promotion"
"P100948_1",100948,2023-02-18,1,1,"Promotion"
"P104415_1",104415,2019-07-25,1,1,"In-Level Progression"
"P102715_1",102715,2017-11-28,1,1,"Promotion"
"P104980_1",104980,2018-06-13,1,1,"Promotion"
"P103965_1",103965,2024-08-23,1,1,"Promotion"
"P106916_1",106916,2022-08-04,1,1,"Promotion"
"P103568_1",103568,2020-09-08,1,1,"Promotion"
"P103568_2",103568,2025-11-04,1,1,"In-Level Progression"
"P104056_1",104056,2017-12-27,1,1,"Promotion"
"P104056_2",104056,2020-03-08,1,1,"Promotion"
"P105904_1",105904,2023-09-04,1,1,"Promotion"
"P102565_1",102565,2022-06-15,1,1,"Promotion"
"P105210_1",105210,2021-06-11,1,1,"Promotion"
"P100490_1",100490,2021-02-11,1,1,"Promotion"
"P108543_1",108543,2021-03-20,1,1,"Promotion"
"P104931_1",104931,2020-01-13,1,1,"In-Level Progression"
"P107096_1",107096,2021-08-13,1,1,"Promotion"
"P101064_1",101064,2024-10-14,1,1,"Promotion"
"P105819_1",105819,2022-03-02,1,1,"In-Level Progression"
"P104195_1",104195,2019-03-27,1,1,"Promotion"
"P104195_2",104195,2019-10-17,1,1,"Promotion"
"P104118_1",104118,2019-10-12,1,1,"In-Level Progression"
"P108280_1",108280,2018-08-29,1,1,"Promotion"
"P108280_2",108280,2025-02-15,1,1,"Promotion"
"P100579_1",100579,2021-11-20,1,1,"Promotion"
"P100087_1",100087,2020-07-08,1,1,"In-Level Progression"
"P107486_1",107486,2024-08-22,1,1,"In-Level Progression"
"P103902_1",103902,2022-05-30,1,1,"Promotion"
"P102805_1",102805,2025-07-24,1,1,"Promotion"
"P106668_1",106668,2020-09-13,1,1,"Promotion"
"P103612_1",103612,2020-10-19,1,1,"In-Level Progression"
"P100810_1",100810,2023-04-01,1,1,"Promotion"
"P106402_1",106402,2024-10-05,1,1,"Promotion"
"P109645_1",109645,2022-07-31,1,1,"Promotion"
"P106686_1",106686,2023-01-17,1,1,"In-Level Progression"
"P107237_1",107237,2023-01-08,1,1,"Promotion"
"P107163_1",107163,2021-03-28,1,1,"In-Level Progression"
"P102344_1",102344,2024-12-16,1,1,"Promotion"
"P101860_1",101860,2024-08-05,1,1,"Promotion"
"P104682_1",104682,2022-08-30,1,1,"Promotion"
"P100231_1",100231,2021-12-30,1,1,"Promotion"
"P105337_1",105337,2024-01-09,1,1,"Promotion"
"P105337_2",105337,2024-12-17,1,1,"Promotion"
"P108575_1",108575,2022-04-12,1,1,"In-Level Progression"
"P107833_1",107833,2025-07-08,1,1,"Promotion"
"P104347_1",104347,2023-05-24,1,1,"Promotion"
"P104347_2",104347,2025-01-31,1,1,"In-Level Progression"
"P105204_1",105204,2021-05-26,1,1,"In-Level Progression"
"P105204_2",105204,2024-12-01,1,1,"Promotion"
"P108061_1",108061,2023-01-26,1,1,"In-Level Progression"
"P103872_1",103872,2022-04-22,1,1,"In-Level Progression"
"P103872_2",103872,2024-09-14,1,1,"Promotion"
"P109175_1",109175,2022-07-30,1,1,"Promotion"
"P109175_2",109175,2024-06-27,1,1,"Promotion"
"P103993_1",103993,2022-02-24,1,1,"In-Level Progression"
"P103993_2",103993,2026-01-27,1,1,"Promotion"
"P102957_1",102957,2023-10-05,1,1,"Promotion"
"P102957_2",102957,2025-07-29,1,1,"Promotion"
"P106554_1",106554,2024-08-26,1,1,"In-Level Progression"
"P109026_1",109026,2025-09-20,1,1,"In-Level Progression"
"P103166_1",103166,2024-12-13,1,1,"In-Level Progression"
"P103673_1",103673,2023-09-23,1,1,"In-Level Progression"
"P100836_1",100836,2024-09-12,1,1,"Promotion"
"P101445_1",101445,2025-07-05,1,1,"Promotion"
"P107575_1",107575,2022-10-08,1,1,"Promotion"
"P104426_1",104426,2024-08-25,1,1,"Promotion"
"P103106_1",103106,2023-03-24,1,1,"Promotion"
"P104780_1",104780,2023-10-12,1,1,"Promotion"
"P109315_1",109315,2024-01-30,1,1,"Promotion"
"P102883_1",102883,2025-11-19,1,1,"In-Level Progression"
"P104414_1",104414,2025-07-19,1,1,"Promotion"
"P109099_1",109099,2024-07-27,1,1,"Promotion"
"P102751_1",102751,2024-08-04,1,1,"Promotion"
"P102470_1",102470,2024-10-25,1,1,"In-Level Progression"
"P102470_2",102470,2025-03-14,1,1,"Promotion"
"P102899_1",102899,2025-12-10,1,1,"Promotion"
"P102899_2",102899,2026-01-23,1,1,"Promotion"
"P108003_1",108003,2025-08-27,1,1,"Promotion"
"P108003_2",108003,2025-09-27,1,1,"Promotion"
"P108750_1",108750,2025-05-23,1,1,"In-Level Progression"
"P109384_1",109384,2025-03-12,1,1,"Promotion"
"P102208_1",102208,2025-11-27,1,1,"Promotion"
"P100767_1",100767,2025-03-07,1,1,"Promotion"
"P100767_2",100767,2025-03-10,1,1,"Promotion"
"P108359_1",108359,2025-08-27,1,1,"In-Level Progression"
"P105731_1",105731,2015-01-14,1,1,"Promotion"
"P109283_1",109283,2024-08-24,1,1,"Promotion"
"P109520_1",109520,2014-04-11,1,1,"Promotion"
"P109520_2",109520,2015-08-06,1,1,"Promotion"
"P105547_1",105547,2014-06-26,1,1,"Promotion"
"P101443_1",101443,2022-02-05,1,1,"Promotion"
"P109677_1",109677,2017-03-21,1,1,"In-Level Progression"
"P105441_1",105441,2020-08-17,1,1,"In-Level Progression"
"P109647_1",109647,2018-02-19,1,1,"Promotion"
"P103642_1",103642,2025-10-18,1,1,"In-Level Progression"
"P103437_1",103437,2025-01-12,1,1,"Promotion"
"P103728_1",103728,2017-05-31,1,1,"Promotion"
"P109590_1",109590,2015-07-09,1,1,"Promotion"
"P102750_1",102750,2021-10-07,1,1,"Promotion"
"P102946_1",102946,2021-04-17,1,1,"Promotion"
"P103156_1",103156,2018-09-10,1,1,"In-Level Progression"
"P103438_1",103438,2025-09-26,1,1,"Promotion"
"P104344_1",104344,2015-11-17,1,1,"Promotion"
"P100206_1",100206,2020-09-14,1,1,"In-Level Progression"
"P103311_1",103311,2025-12-23,1,1,"Promotion"
"P105329_1",105329,2016-04-04,1,1,"Promotion"
"P105189_1",105189,2024-08-30,1,1,"Promotion"
"P104803_1",104803,2015-08-22,1,1,"In-Level Progression"
"P104735_1",104735,2023-06-16,1,1,"Promotion"
"P106816_1",106816,2019-03-15,1,1,"Promotion"
"P101313_1",101313,2024-08-17,1,1,"Promotion"
"P101313_2",101313,2025-05-29,1,1,"Promotion"
"P106066_1",106066,2025-10-05,1,1,"Promotion"
"P100095_1",100095,2016-08-25,1,1,"Promotion"
"P107528_1",107528,2018-11-18,1,1,"Promotion"
"P106010_1",106010,2017-03-28,1,1,"Promotion"
"P106010_2",106010,2018-04-04,1,1,"Promotion"
"P105894_1",105894,2017-02-18,1,1,"In-Level Progression"
"P107515_1",107515,2025-06-15,1,1,"Promotion"
"P100940_1",100940,2026-01-19,1,1,"In-Level Progression"
"P107349_1",107349,2020-04-18,1,1,"Promotion"
"P101921_1",101921,2021-01-20,1,1,"Promotion"
"P101902_1",101902,2025-06-18,1,1,"Promotion"
"P100643_1",100643,2020-01-21,1,1,"In-Level Progression"
"P106522_1",106522,2018-10-13,1,1,"In-Level Progression"
"P102510_1",102510,2017-10-29,1,1,"Promotion"
"P109302_1",109302,2018-12-21,1,1,"In-Level Progression"
"P102385_1",102385,2022-08-06,1,1,"Promotion"
"P106360_1",106360,2025-05-14,1,1,"Promotion"
"P108791_1",108791,2021-10-15,1,1,"Promotion"
"P101496_1",101496,2023-08-09,1,1,"Promotion"
"P103179_1",103179,2017-03-21,1,1,"Promotion"
"P106737_1",106737,2024-08-28,1,1,"In-Level Progression"
"P103292_1",103292,2019-10-01,1,1,"Promotion"
"P104119_1",104119,2019-09-24,1,1,"Promotion"
"P105123_1",105123,2021-12-23,1,1,"Promotion"
"P104913_1",104913,2023-05-07,1,1,"Promotion"
"P100782_1",100782,2019-06-06,1,1,"Promotion"
"P103447_1",103447,2022-09-21,1,1,"In-Level Progression"
"P107389_1",107389,2018-08-27,1,1,"In-Level Progression"
"P101967_1",101967,2019-09-22,1,1,"Promotion"
"P101967_2",101967,2019-11-28,1,1,"Promotion"
"P103876_1",103876,2018-10-22,1,1,"Promotion"
"P105299_1",105299,2019-12-24,1,1,"Promotion"
"P105299_2",105299,2021-11-17,1,1,"In-Level Progression"
"P105558_1",105558,2023-01-26,1,1,"In-Level Progression"
"P105558_2",105558,2023-07-09,1,1,"In-Level Progression"
"P107557_1",107557,2024-07-07,1,1,"Promotion"
"P106762_1",106762,2025-07-08,1,1,"In-Level Progression"
"P103524_1",103524,2022-05-27,1,1,"Promotion"
"P104527_1",104527,2025-02-09,1,1,"Promotion"
"P104465_1",104465,2019-05-24,1,1,"Promotion"
"P107039_1",107039,2023-07-31,1,1,"In-Level Progression"
"P107039_2",107039,2025-03-22,1,1,"Promotion"
"P103223_1",103223,2024-12-30,1,1,"Promotion"
"P103223_2",103223,2025-01-08,1,1,"Promotion"
"P101458_1",101458,2022-03-20,1,1,"In-Level Progression"
"P101458_2",101458,2023-01-20,1,1,"Promotion"
"P100689_1",100689,2021-12-11,1,1,"Promotion"
"P101374_1",101374,2020-03-31,1,1,"Promotion"
"P109945_1",109945,2020-09-23,1,1,"Promotion"
"P107868_1",107868,2023-06-01,1,1,"Promotion"
"P109137_1",109137,2024-02-12,1,1,"Promotion"
"P109488_1",109488,2025-07-14,1,1,"In-Level Progression"
"P106807_1",106807,2023-10-27,1,1,"In-Level Progression"
"P107156_1",107156,2022-06-16,1,1,"Promotion"
"P107156_2",107156,2023-06-19,1,1,"In-Level Progression"
"P102655_1",102655,2023-10-13,1,1,"Promotion"
"P104671_1",104671,2021-11-05,1,1,"Promotion"
"P103279_1",103279,2024-06-08,1,1,"Promotion"
"P103596_1",103596,2022-01-01,1,1,"Promotion"
"P106212_1",106212,2022-03-02,1,1,"In-Level Progression"
"P107312_1",107312,2024-05-13,1,1,"Promotion"
"P103653_1",103653,2023-05-23,1,1,"Promotion"
"P104724_1",104724,2022-04-15,1,1,"Promotion"
"P109339_1",109339,2024-01-03,1,1,"In-Level Progression"
"P101796_1",101796,2022-11-01,1,1,"Promotion"
"P107255_1",107255,2025-12-09,1,1,"Promotion"
"P107361_1",107361,2025-03-02,1,1,"In-Level Progression"
"P101502_1",101502,2021-03-16,1,1,"Promotion"
"P101502_2",101502,2023-02-27,1,1,"Promotion"
"P108062_1",108062,2022-08-27,1,1,"In-Level Progression"
"P106828_1",106828,2024-04-26,1,1,"Promotion"
"P103202_1",103202,2021-04-01,1,1,"Promotion"
"P104850_1",104850,2024-04-28,1,1,"In-Level Progression"
"P107481_1",107481,2022-01-06,1,1,"Promotion"
"P107481_2",107481,2022-05-16,1,1,"Promotion"
"P101779_1",101779,2025-01-24,1,1,"Promotion"
"P105457_1",105457,2021-08-08,1,1,"Promotion"
"P100839_1",100839,2025-08-26,1,1,"Promotion"
"P107044_1",107044,2022-03-13,1,1,"Promotion"
"P104693_1",104693,2024-01-26,1,1,"Promotion"
"P105781_1",105781,2021-08-25,1,1,"Promotion"
"P105452_1",105452,2022-04-26,1,1,"Promotion"
"P104882_1",104882,2021-10-28,1,1,"In-Level Progression"
"P102405_1",102405,2021-10-21,1,1,"Promotion"
"P109517_1",109517,2025-12-15,1,1,"Promotion"
"P102726_1",102726,2024-03-03,1,1,"In-Level Progression"
"P108786_1",108786,2023-09-05,1,1,"Promotion"
"P104995_1",104995,2025-08-05,1,1,"Promotion"
"P106780_1",106780,2024-10-19,1,1,"In-Level Progression"
"P104892_1",104892,2023-06-04,1,1,"Promotion"
"P106572_1",106572,2023-10-08,1,1,"Promotion"
"P102932_1",102932,2025-11-10,1,1,"Promotion"
"P101323_1",101323,2026-01-02,1,1,"Promotion"
"P104349_1",104349,2024-11-20,1,1,"In-Level Progression"
"P109607_1",109607,2023-03-30,1,1,"In-Level Progression"
"P106619_1",106619,2025-06-13,1,1,"Promotion"
"P106619_2",106619,2025-11-19,1,1,"Promotion"
"P104817_1",104817,2024-09-12,1,1,"In-Level Progression"
"P102784_1",102784,2025-01-23,1,1,"Promotion"
"P105960_1",105960,2023-11-21,1,1,"In-Level Progression"
"P109361_1",109361,2024-03-11,1,1,"Promotion"
"P109361_2",109361,2025-03-29,1,1,"In-Level Progression"
"P104775_1",104775,2024-04-25,1,1,"Promotion"
"P102780_1",102780,2023-10-15,1,1,"Promotion"
"P102780_2",102780,2023-11-22,1,1,"Promotion"
"P103162_1",103162,2026-01-29,1,1,"Promotion"
"P108876_1",108876,2025-02-14,1,1,"In-Level Progression"
"P107720_1",107720,2024-07-20,1,1,"In-Level Progression"
"P103256_1",103256,2025-08-21,1,1,"Promotion"
"P101956_1",101956,2025-04-18,1,1,"Promotion"
"P101956_2",101956,2025-10-04,1,1,"Promotion"
"P104852_1",104852,2024-11-14,1,1,"Promotion"
"P107280_1",107280,2025-06-17,1,1,"Promotion"
"P106231_1",106231,2025-06-08,1,1,"Promotion"
"P102988_1",102988,2025-03-12,1,1,"Promotion"
"P107664_1",107664,2025-09-06,1,1,"Promotion"
"P100859_1",100859,2025-05-24,1,1,"Promotion"
"P100859_2",100859,2025-08-18,1,1,"In-Level Progression"
"P107789_1",107789,2025-12-06,1,1,"Promotion"
"P107789_2",107789,2025-12-19,1,1,"In-Level Progression"
"P107007_1",107007,2025-12-22,1,1,"Promotion"
"P102830_1",102830,2025-12-16,1,1,"In-Level Progression"
"P109869_1",109869,2022-11-21,1,1,"Promotion"
"P104510_1",104510,2019-04-10,1,1,"Promotion"
"P102339_1",102339,2018-03-23,1,1,"In-Level Progression"
"P108663_1",108663,2020-10-05,1,1,"In-Level Progression"
"P105490_1",105490,2017-03-15,1,1,"Promotion"
"P105490_2",105490,2023-04-06,1,1,"In-Level Progression"
"P108995_1",108995,2020-05-05,1,1,"In-Level Progression"
"P107690_1",107690,2019-06-07,1,1,"In-Level Progression"
"P107690_2",107690,2022-08-03,1,1,"Promotion"
"P102690_1",102690,2020-06-16,1,1,"Promotion"
"P107485_1",107485,2016-02-19,1,1,"In-Level Progression"
"P107476_1",107476,2018-11-14,1,1,"In-Level Progression"
"P107476_2",107476,2022-05-20,1,1,"In-Level Progression"
"P104166_1",104166,2019-01-14,1,1,"Promotion"
"P103395_1",103395,2024-01-27,1,1,"Promotion"
"P101021_1",101021,2017-12-28,1,1,"In-Level Progression"
"P101021_2",101021,2019-02-16,1,1,"In-Level Progression"
"P109083_1",109083,2025-08-12,1,1,"Promotion"
"P101633_1",101633,2017-11-21,1,1,"In-Level Progression"
"P109676_1",109676,2024-11-27,1,1,"Promotion"
"P107469_1",107469,2022-04-29,1,1,"In-Level Progression"
"P108196_1",108196,2023-08-11,1,1,"Promotion"
"P108344_1",108344,2025-07-19,1,1,"In-Level Progression"
"P108270_1",108270,2024-07-22,1,1,"Promotion"
"P109334_1",109334,2022-12-14,1,1,"Promotion"
"P104998_1",104998,2018-09-26,1,1,"Promotion"
"P108960_1",108960,2019-12-11,1,1,"In-Level Progression"
"P102825_1",102825,2025-03-30,1,1,"Promotion"
"P102829_1",102829,2021-07-06,1,1,"In-Level Progression"
"P102829_2",102829,2023-09-10,1,1,"Promotion"
"P105451_1",105451,2022-03-28,1,1,"Promotion"
"P107631_1",107631,2021-04-07,1,1,"Promotion"
"P109395_1",109395,2017-07-24,1,1,"Promotion"
"P103259_1",103259,2019-10-23,1,1,"Promotion"
"P102437_1",102437,2021-05-09,1,1,"In-Level Progression"
"P101965_1",101965,2018-10-05,1,1,"In-Level Progression"
"P101965_2",101965,2025-04-22,1,1,"Promotion"
"P107050_1",107050,2019-03-07,1,1,"Promotion"
"P101506_1",101506,2020-04-01,1,1,"Promotion"
"P104631_1",104631,2025-04-14,1,1,"Promotion"
"P106343_1",106343,2022-10-14,1,1,"Promotion"
"P102601_1",102601,2019-10-07,1,1,"Promotion"
"P107262_1",107262,2019-10-26,1,1,"Promotion"
"P107262_2",107262,2023-04-23,1,1,"Promotion"
"P104669_1",104669,2019-09-22,1,1,"Promotion"
"P104989_1",104989,2021-11-26,1,1,"Promotion"
"P104002_1",104002,2022-01-23,1,1,"Promotion"
"P101414_1",101414,2025-07-12,1,1,"Promotion"
"P101414_2",101414,2025-11-13,1,1,"Promotion"
"P106138_1",106138,2025-06-03,1,1,"Promotion"
"P103046_1",103046,2024-09-08,1,1,"Promotion"
"P105684_1",105684,2021-03-22,1,1,"In-Level Progression"
"P103951_1",103951,2021-12-05,1,1,"Promotion"
"P107881_1",107881,2022-01-23,1,1,"Promotion"
"P107881_2",107881,2025-12-01,1,1,"Promotion"
"P109561_1",109561,2024-02-21,1,1,"Promotion"
"P102552_1",102552,2025-04-02,1,1,"Promotion"
"P103009_1",103009,2023-04-16,1,1,"Promotion"
"P103009_2",103009,2025-02-11,1,1,"Promotion"
"P107763_1",107763,2020-11-10,1,1,"Promotion"
"P104020_1",104020,2022-03-25,1,1,"In-Level Progression"
"P101184_1",101184,2024-06-01,1,1,"Promotion"
"P100423_1",100423,2021-07-30,1,1,"In-Level Progression"
"P100804_1",100804,2022-01-25,1,1,"Promotion"
"P102055_1",102055,2024-08-14,1,1,"In-Level Progression"
"P104832_1",104832,2020-04-27,1,1,"Promotion"
"P102595_1",102595,2023-11-07,1,1,"In-Level Progression"
"P109757_1",109757,2020-12-25,1,1,"In-Level Progression"
"P109757_2",109757,2022-01-20,1,1,"Promotion"
"P108461_1",108461,2024-11-12,1,1,"Promotion"
"P103337_1",103337,2022-01-31,1,1,"Promotion"
"P105466_1",105466,2023-04-12,1,1,"Promotion"
"P104112_1",104112,2025-07-25,1,1,"Promotion"
"P102164_1",102164,2022-12-24,1,1,"In-Level Progression"
"P102164_2",102164,2024-10-17,1,1,"In-Level Progression"
"P103304_1",103304,2023-06-28,1,1,"In-Level Progression"
"P103304_2",103304,2025-02-20,1,1,"Promotion"
"P104615_1",104615,2022-12-12,1,1,"Promotion"
"P100662_1",100662,2024-01-25,1,1,"Promotion"
"P100237_1",100237,2022-06-28,1,1,"In-Level Progression"
"P109611_1",109611,2022-06-01,1,1,"Promotion"
"P106566_1",106566,2024-03-14,1,1,"Promotion"
"P106813_1",106813,2024-12-15,1,1,"In-Level Progression"
"P105424_1",105424,2022-08-18,1,1,"Promotion"
"P109115_1",109115,2024-01-02,1,1,"Promotion"
"P109115_2",109115,2025-04-04,1,1,"Promotion"
"P101790_1",101790,2023-05-30,1,1,"Promotion"
"P103192_1",103192,2024-12-15,1,1,"In-Level Progression"
"P107257_1",107257,2025-01-04,1,1,"Promotion"
"P106764_1",106764,2023-02-08,1,1,"Promotion"
"P108169_1",108169,2024-07-16,1,1,"Promotion"
"P100323_1",100323,2024-01-10,1,1,"Promotion"
"P101026_1",101026,2025-03-22,1,1,"Promotion"
"P106790_1",106790,2025-10-01,1,1,"In-Level Progression"
"P100084_1",100084,2023-10-03,1,1,"Promotion"
"P106713_1",106713,2023-09-16,1,1,"In-Level Progression"
"P101742_1",101742,2024-03-30,1,1,"Promotion"
"P101286_1",101286,2024-01-21,1,1,"Promotion"
"P105535_1",105535,2025-02-18,1,1,"Promotion"
"P106885_1",106885,2025-06-19,1,1,"In-Level Progression"
"P108130_1",108130,2025-02-15,1,1,"Promotion"
"P103334_1",103334,2025-02-08,1,1,"Promotion"
"P103334_2",103334,2025-08-13,1,1,"Promotion"
"P103968_1",103968,2024-09-20,1,1,"In-Level Progression"
"P109585_1",109585,2024-12-17,1,1,"Promotion"
"P108490_1",108490,2025-02-21,1,1,"Promotion"
"P101083_1",101083,2025-10-14,1,1,"Promotion"
"P104322_1",104322,2025-02-01,1,1,"Promotion"
"P104322_2",104322,2025-09-01,1,1,"In-Level Progression"
"P103336_1",103336,2025-09-07,1,1,"In-Level Progression"
"P101574_1",101574,2024-10-07,1,1,"Promotion"
"P104898_1",104898,2025-06-06,1,1,"Promotion"
"P100487_1",100487,2025-07-01,1,1,"In-Level Progression"
"P106860_1",106860,2025-07-14,1,1,"Promotion"
"P107026_1",107026,2025-02-23,1,1,"Promotion"
"P107756_1",107756,2025-05-24,1,1,"Promotion"
"P104929_1",104929,2026-01-13,1,1,"Promotion"
"P105745_1",105745,2025-08-06,1,1,"Promotion"
"P105745_2",105745,2025-12-03,1,1,"In-Level Progression"
"P104498_1",104498,2025-11-13,1,1,"Promotion"
"P103705_1",103705,2025-12-16,1,1,"Promotion"
